date,steps,active_energy_kcal,exercise_min,distance_km
2017-01-17,17,0,0,0.01
2017-01-18,3157,0,0,2.22
2017-01-19,5778,0,0,4.03
2017-01-20,3678,0,0,2.33
2017-01-21,7503,0,0,4.77
2017-01-22,637,0,0,0.41
2017-01-23,7881,0,0,5.15
2017-01-24,2280,0,0,1.67
2017-01-25,7226,0,0,4.96
2017-01-26,3527,0,0,2.59
2017-01-27,2422,0,0,1.61
2017-01-28,651,0,0,0.38
2017-01-29,943,0,0,0.58
2017-01-30,3126,0,0,2.11
2017-01-31,5912,0,0,4.0
2017-02-01,4069,0,0,2.93
2017-02-02,4066,0,0,2.96
2017-02-03,6710,0,0,4.7
2017-02-04,3082,0,0,2.08
2017-02-05,4774,0,0,3.11
2017-02-06,3122,0,0,2.08
2017-02-07,7004,0,0,4.78
2017-02-08,4920,0,0,3.26
2017-02-09,6930,0,0,4.18
2017-02-10,3121,0,0,2.24
2017-02-11,6240,0,0,4.01
2017-02-12,5978,0,0,4.01
2017-02-13,4667,0,0,3.39
2017-02-14,5762,0,0,3.56
2017-02-15,6566,0,0,4.46
2017-02-16,3713,0,0,2.72
2017-02-17,11709,0,0,7.71
2017-02-18,5465,0,0,3.33
2017-02-19,2992,0,0,1.76
2017-02-20,5109,0,0,3.3
2017-02-21,1173,0,0,0.8
2017-02-22,3458,0,0,2.19
2017-02-23,50,0,0,0.04
2017-02-24,5983,0,0,3.72
2017-02-25,5379,0,0,3.23
2017-02-26,4056,0,0,2.77
2017-02-27,9560,0,0,5.88
2017-02-28,8877,0,0,5.45
2017-03-01,7168,0,0,4.98
2017-03-02,7038,0,0,4.25
2017-03-03,3485,0,0,2.18
2017-03-04,3905,0,0,2.45
2017-03-05,73,0,0,0.06
2017-03-06,10477,0,0,7.06
2017-03-07,5115,0,0,3.27
2017-03-08,9136,0,0,5.86
2017-03-09,7944,0,0,5.16
2017-03-10,6139,0,0,4.17
2017-03-11,3797,0,0,2.52
2017-03-12,990,0,0,0.65
2017-03-13,6729,0,0,4.73
2017-03-14,7576,0,0,4.73
2017-03-15,7616,0,0,4.94
2017-03-16,4971,0,0,3.18
2017-03-17,10443,0,0,7.15
2017-03-18,921,0,0,0.62
2017-03-19,8044,0,0,5.95
2017-03-20,6871,0,0,4.74
2017-03-21,1125,0,0,0.73
2017-03-22,6945,0,0,4.97
2017-03-23,10887,0,0,7.54
2017-03-24,6373,0,0,4.48
2017-03-25,4578,0,0,3.23
2017-03-26,3912,0,0,2.88
2017-03-27,3829,0,0,2.86
2017-03-28,5624,0,0,3.9
2017-03-29,4011,0,0,2.5
2017-03-30,4931,0,0,3.56
2017-03-31,1329,0,0,0.82
2017-04-01,1992,0,0,1.29
2017-04-02,9291,0,0,6.19
2017-04-03,6399,0,0,4.37
2017-04-04,11958,0,0,8.5
2017-04-05,8357,0,0,5.86
2017-04-06,5674,0,0,3.87
2017-04-07,12723,0,0,8.33
2017-04-08,3566,0,0,2.47
2017-04-09,10688,0,0,7.36
2017-04-10,10055,0,0,7.03
2017-04-11,12269,0,0,8.47
2017-04-12,10655,0,0,7.42
2017-04-13,7288,0,0,4.95
2017-04-14,9846,0,0,6.67
2017-04-15,10503,0,0,7.24
2017-04-16,5958,0,0,4.1
2017-04-17,6392,0,0,4.32
2017-04-18,9262,0,0,6.44
2017-04-19,7429,0,0,5.32
2017-04-20,7852,0,0,5.11
2017-04-21,4228,0,0,2.77
2017-04-22,3547,0,0,2.52
2017-04-23,4535,0,0,3.02
2017-04-24,5725,0,0,3.8
2017-04-25,4838,0,0,3.51
2017-04-26,3118,0,0,2.2
2017-04-27,8559,0,0,5.84
2017-04-28,8027,0,0,5.73
2017-04-29,3045,0,0,2.26
2017-04-30,10503,0,0,7.14
2017-05-01,4925,0,0,3.33
2017-05-02,10251,0,0,7.31
2017-05-03,4744,0,0,3.38
2017-05-04,9389,0,0,6.82
2017-05-05,7387,0,0,5.28
2017-05-06,698,0,0,0.49
2017-05-07,5675,0,0,3.75
2017-05-08,5084,0,0,3.51
2017-05-09,4167,0,0,2.85
2017-05-10,5017,0,0,3.64
2017-05-11,15244,0,0,10.87
2017-05-12,4541,0,0,3.15
2017-05-13,9791,0,0,6.29
2017-05-14,5518,0,0,3.78
2017-05-15,8825,0,0,6.28
2017-05-16,6239,0,0,4.09
2017-05-17,2884,0,0,2.17
2017-05-18,4840,0,0,3.42
2017-05-19,3385,0,0,2.36
2017-05-20,3299,0,0,2.36
2017-05-21,5070,0,0,3.62
2017-05-22,16487,0,0,11.61
2017-05-23,11041,0,0,7.45
2017-05-24,11522,0,0,7.86
2017-05-25,10895,0,0,7.69
2017-05-26,11570,0,0,8.08
2017-05-27,7203,0,0,4.94
2017-05-28,6502,0,0,3.95
2017-05-29,9369,0,0,6.74
2017-05-30,5762,0,0,4.15
2017-05-31,6064,0,0,4.32
2017-06-01,9231,0,0,6.43
2017-06-02,5907,0,0,4.22
2017-06-03,5268,0,0,3.85
2017-06-04,9352,0,0,6.96
2017-06-05,8720,0,0,6.04
2017-06-06,10290,0,0,6.69
2017-06-07,7315,0,0,5.24
2017-06-08,10351,0,0,6.98
2017-06-09,6328,0,0,4.46
2017-06-10,4650,0,0,3.19
2017-06-11,3033,0,0,1.97
2017-06-12,9097,0,0,6.3
2017-06-13,4508,0,0,3.08
2017-06-14,5974,0,0,4.21
2017-06-15,6109,0,0,4.36
2017-06-16,6598,0,0,4.77
2017-06-17,6986,0,0,5.22
2017-06-18,4391,0,0,3.33
2017-06-19,6821,0,0,4.69
2017-06-20,3731,0,0,2.67
2017-06-21,10628,0,0,7.62
2017-06-22,9761,0,0,6.91
2017-06-23,3441,0,0,2.34
2017-06-24,7438,0,0,5.02
2017-06-25,4149,0,0,2.9
2017-06-26,6623,0,0,4.66
2017-06-27,10406,0,0,7.38
2017-06-28,8976,0,0,6.23
2017-06-29,9749,0,0,6.75
2017-06-30,7644,0,0,5.34
2017-07-01,6516,0,0,4.3
2017-07-02,16870,0,0,12.3
2017-07-03,8836,0,0,6.18
2017-07-04,16221,0,0,12.17
2017-07-05,13866,0,0,10.01
2017-07-06,6033,0,0,4.53
2017-07-07,5864,0,0,4.23
2017-07-08,13775,0,0,9.87
2017-07-09,13740,0,0,9.78
2017-07-10,10922,0,0,7.84
2017-07-11,14657,0,0,10.42
2017-07-12,17473,0,0,12.97
2017-07-13,12798,0,0,9.33
2017-07-14,13159,0,0,9.55
2017-07-15,14509,0,0,10.34
2017-07-16,6769,0,0,4.99
2017-07-17,13855,0,0,10.27
2017-07-18,10139,0,0,7.25
2017-07-19,21015,0,0,15.35
2017-07-20,20678,0,0,14.63
2017-07-21,15108,0,0,11.42
2017-07-22,24400,0,0,17.85
2017-07-23,12740,0,0,9.5
2017-07-24,13968,0,0,10.02
2017-07-25,16118,0,0,11.4
2017-07-26,24904,0,0,18.34
2017-07-27,11843,0,0,8.82
2017-07-28,13779,0,0,9.9
2017-07-29,21755,0,0,15.37
2017-07-30,22263,0,0,15.67
2017-07-31,31162,0,0,21.42
2017-08-01,19343,0,0,13.64
2017-08-02,19853,0,0,14.49
2017-08-03,22311,0,0,16.16
2017-08-04,16378,0,0,11.42
2017-08-05,13404,0,0,9.26
2017-08-06,18156,0,0,12.46
2017-08-07,27752,0,0,19.51
2017-08-08,17362,0,0,12.36
2017-08-09,20959,0,0,14.97
2017-08-10,14289,0,0,10.56
2017-08-11,17118,0,0,12.38
2017-08-12,20455,0,0,14.36
2017-08-13,15971,0,0,11.2
2017-08-14,22460,0,0,15.69
2017-08-15,14767,0,0,10.79
2017-08-16,15406,0,0,11.15
2017-08-17,22691,0,0,16.21
2017-08-18,18545,0,0,13.18
2017-08-19,23065,0,0,16.61
2017-08-20,24408,0,0,17.61
2017-08-21,24978,0,0,18.14
2017-08-22,21016,0,0,14.71
2017-08-23,10791,0,0,7.82
2017-08-24,3898,0,0,2.54
2017-08-25,622,0,0,0.45
2017-08-26,4992,0,0,3.72
2017-08-27,3417,0,0,2.59
2017-08-28,413,0,0,0.31
2017-08-29,5877,0,0,4.39
2017-08-30,5063,0,0,3.82
2017-08-31,6336,0,0,4.46
2017-09-01,8788,0,0,6.21
2017-09-02,5950,0,0,4.18
2017-09-03,9554,0,0,6.94
2017-09-04,12578,0,0,9.36
2017-09-05,12599,0,0,9.21
2017-09-06,11812,0,0,9.0
2017-09-07,8986,0,0,6.62
2017-09-08,15840,0,0,11.8
2017-09-09,6713,0,0,5.06
2017-09-10,13299,0,0,9.96
2017-09-11,12065,0,0,8.62
2017-09-12,7164,0,0,5.22
2017-09-13,7928,0,0,5.89
2017-09-14,13069,0,0,9.5
2017-09-15,12109,0,0,9.07
2017-09-16,11054,0,0,8.13
2017-09-17,7065,0,0,5.23
2017-09-18,9199,0,0,6.82
2017-09-19,6714,0,0,4.86
2017-09-20,7260,0,0,5.5
2017-09-21,6642,0,0,4.8
2017-09-22,13243,0,0,9.76
2017-09-23,12664,0,0,9.22
2017-09-24,1035,0,0,0.75
2017-09-25,6523,0,0,4.95
2017-09-26,10988,0,0,8.37
2017-09-27,16138,0,0,11.68
2017-09-28,7081,0,0,5.22
2017-09-29,9913,0,0,7.44
2017-09-30,7881,0,0,5.67
2017-10-01,4280,0,0,3.18
2017-10-02,2859,0,0,2.14
2017-10-03,852,0,0,0.59
2017-10-04,4548,0,0,3.33
2017-10-05,151,0,0,0.11
2017-10-06,1547,0,0,1.21
2017-10-07,2008,0,0,1.49
2017-10-08,48,0,0,0.03
2017-10-09,2549,0,0,1.83
2017-10-10,7917,0,0,5.82
2017-10-11,3507,0,0,2.6
2017-10-12,9666,0,0,7.01
2017-10-13,3237,0,0,2.34
2017-10-14,10309,0,0,8.42
2017-10-15,1484,0,0,1.09
2017-10-16,7400,0,0,5.57
2017-10-17,6962,0,0,5.05
2017-10-18,4361,0,0,3.29
2017-10-19,2983,0,0,2.21
2017-10-20,2768,0,0,2.03
2017-10-21,2703,0,0,1.97
2017-10-22,1989,0,0,1.42
2017-10-23,3177,0,0,2.48
2017-10-24,2090,0,0,1.49
2017-10-25,10049,0,0,7.55
2017-10-26,3961,0,0,2.81
2017-10-27,10021,0,0,7.44
2017-10-28,13617,0,0,9.63
2017-10-29,1921,0,0,1.42
2017-10-30,6540,0,0,4.5
2017-10-31,5088,0,0,3.71
2017-11-01,7295,0,0,4.9
2017-11-02,7657,0,0,5.6
2017-11-03,8327,0,0,6.11
2017-11-04,5462,0,0,3.91
2017-11-05,6119,0,0,5.25
2017-11-06,6889,0,0,5.32
2017-11-07,10699,0,0,7.71
2017-11-08,7802,0,0,5.6
2017-11-09,5540,0,0,3.99
2017-11-10,12737,0,0,8.72
2017-11-11,1819,0,0,1.26
2017-11-12,3688,0,0,2.53
2017-11-13,5033,0,0,3.73
2017-11-14,5948,0,0,4.12
2017-11-15,7578,0,0,5.03
2017-11-16,3880,0,0,3.04
2017-11-17,11096,0,0,8.01
2017-11-18,11370,0,0,7.63
2017-11-19,8670,0,0,6.05
2017-11-20,5394,0,0,2.09
2017-11-21,10594,0,0,0
2017-11-22,11288,0,0,4.21
2017-11-23,6422,0,0,4.45
2017-11-24,9681,0,0,6.74
2017-11-25,3868,0,0,2.7
2017-11-26,14643,0,0,10.02
2017-11-27,9908,0,0,6.86
2017-11-28,4796,0,0,3.43
2017-11-29,7648,0,0,5.42
2017-11-30,4223,0,0,2.91
2017-12-01,4606,0,0,3.09
2017-12-02,8946,0,0,5.78
2017-12-03,18681,0,0,12.3
2017-12-04,6113,0,0,3.89
2017-12-05,5895,0,0,4.02
2017-12-06,6545,0,0,4.33
2017-12-07,9095,0,0,6.46
2017-12-08,4827,0,0,3.36
2017-12-09,5390,0,0,3.74
2017-12-10,8776,0,0,6.16
2017-12-11,3471,0,0,2.42
2017-12-12,5524,0,0,3.95
2017-12-13,4704,0,0,3.26
2017-12-14,4721,0,0,3.35
2017-12-15,6941,0,0,4.82
2017-12-16,5545,0,0,3.92
2017-12-17,3812,0,0,2.8
2017-12-18,5436,0,0,3.9
2017-12-19,6482,0,0,4.46
2017-12-20,2901,0,0,2.01
2017-12-22,21163,0,0,14.53
2017-12-23,7639,0,0,6.09
2017-12-24,9868,0,0,6.92
2017-12-25,5840,0,0,4.1
2017-12-26,6304,0,0,4.5
2017-12-27,5238,0,0,3.82
2017-12-28,4296,0,0,3.11
2017-12-29,11364,0,0,8.06
2017-12-30,2444,0,0,1.75
2017-12-31,1777,0,0,1.28
2018-01-01,10494,0,0,7.83
2018-01-02,4486,0,0,3.07
2018-01-03,1492,0,0,1.03
2018-01-04,4130,0,0,2.76
2018-01-05,3609,0,0,2.65
2018-01-06,1381,0,0,0.96
2018-01-07,2389,0,0,1.69
2018-01-08,2814,0,0,2.05
2018-01-09,5105,0,0,3.5
2018-01-10,3586,0,0,2.31
2018-01-11,1121,0,0,0.78
2018-01-12,6188,0,0,4.52
2018-01-13,3326,0,0,2.3
2018-01-14,5407,0,0,3.89
2018-01-15,14062,0,0,10.21
2018-01-16,24573,0,0,17.85
2018-01-17,327,0,0,0.25
2018-01-18,1916,0,0,1.5
2018-01-19,1853,0,0,1.32
2018-01-20,5035,0,0,3.61
2018-01-21,9463,0,0,7.25
2018-01-22,5988,0,0,4.41
2018-01-23,1794,0,0,1.32
2018-01-24,1419,0,0,1.02
2018-01-25,4441,0,0,3.28
2018-01-26,14712,0,0,10.42
2018-01-27,8049,0,0,0
2018-01-28,2922,0,0,0
2018-01-29,4166,0,0,0.06
2018-01-30,6062,0,0,4.07
2018-01-31,144,0,0,0.1
2018-02-01,12308,0,0,7.8
2018-02-02,3779,0,0,2.78
2018-02-03,6996,0,0,4.97
2018-02-04,9763,0,0,6.73
2018-02-05,12796,0,0,9.39
2018-02-06,162,0,0,0.12
2018-02-07,10356,0,0,7.19
2018-02-08,6960,0,0,4.69
2018-02-09,8651,0,0,5.92
2018-02-10,9035,0,0,6.07
2018-02-11,4353,0,0,2.84
2018-02-12,7485,0,0,5.35
2018-02-13,9238,0,0,6.46
2018-02-14,6964,0,0,4.95
2018-02-15,2258,0,0,1.63
2018-02-16,2271,0,0,1.73
2018-02-17,234,0,0,0.16
2018-02-18,12777,0,0,8.95
2018-02-19,9249,0,0,6.91
2018-02-20,10751,0,0,8.08
2018-02-21,8585,0,0,6.23
2018-02-22,13136,0,0,8.88
2018-02-23,4604,0,0,3.41
2018-02-24,8090,0,0,5.29
2018-02-25,135,0,0,0.1
2018-02-26,2651,0,0,1.96
2018-02-27,383,0,0,0.27
2018-02-28,580,0,0,0.41
2018-03-01,520,0,0,0.36
2018-03-02,1986,0,0,1.44
2018-03-03,42,0,0,0.03
2018-03-04,692,0,0,0.49
2018-03-05,12210,0,0,9.18
2018-03-06,14829,0,0,10.22
2018-03-07,8296,0,0,6.0
2018-03-08,9629,0,0,7.13
2018-03-09,4168,0,0,3.01
2018-03-10,7745,0,0,5.23
2018-03-11,66,0,0,0.05
2018-03-12,13030,0,0,9.36
2018-03-13,5078,0,0,3.72
2018-03-14,15302,0,0,10.43
2018-03-15,10354,0,0,7.49
2018-03-16,5787,0,0,4.02
2018-03-17,11117,0,0,7.63
2018-03-18,1728,0,0,8.1
2018-03-19,503,0,0,0.36
2018-03-20,10280,0,0,7.19
2018-03-21,6954,0,0,4.9
2018-03-22,11918,0,0,8.31
2018-03-23,15242,0,0,10.74
2018-03-24,6471,0,0,4.77
2018-03-25,2388,0,0,1.79
2018-03-26,8954,0,0,6.63
2018-03-27,6574,0,0,4.81
2018-03-28,11600,0,0,8.65
2018-03-29,10381,0,0,7.19
2018-03-30,20062,0,0,14.42
2018-03-31,13963,0,0,10.06
2018-04-01,7898,0,0,5.65
2018-04-02,14844,0,0,11.06
2018-04-03,9198,0,0,6.59
2018-04-04,15144,0,0,10.01
2018-04-05,4097,0,0,2.91
2018-04-06,12678,0,0,9.13
2018-04-07,4023,0,0,2.75
2018-04-08,10378,0,0,6.8
2018-04-09,14997,0,0,10.41
2018-04-10,9116,0,0,6.69
2018-04-11,12154,0,0,8.92
2018-04-12,6956,0,0,5.15
2018-04-13,16138,0,0,11.85
2018-04-14,4883,0,0,3.34
2018-04-15,3422,0,0,2.4
2018-04-16,8332,0,0,6.16
2018-04-17,6299,0,0,4.68
2018-04-18,7504,0,0,5.7
2018-04-19,7532,0,0,5.73
2018-04-20,6024,0,0,4.2
2018-04-21,7409,0,0,5.49
2018-04-22,12157,0,0,9.02
2018-04-23,4262,0,0,2.98
2018-04-24,8257,0,0,6.05
2018-04-25,4928,0,0,3.46
2018-04-26,5594,0,0,4.15
2018-04-27,4010,0,0,3.05
2018-04-28,16642,0,0,12.59
2018-04-29,3539,0,0,2.64
2018-04-30,9398,0,0,6.94
2018-05-01,9731,0,0,7.13
2018-05-02,11416,0,0,8.46
2018-05-03,6167,0,0,4.49
2018-05-04,12398,0,0,8.87
2018-05-05,6566,0,0,4.93
2018-05-06,2770,0,0,2.03
2018-05-07,3860,0,0,2.93
2018-05-08,10307,0,0,13.78
2018-05-09,14032,0,0,21.31
2018-05-10,13086,0,0,18.62
2018-05-11,9204,0,0,13.69
2018-05-12,4447,0,0,5.67
2018-05-13,6325,0,0,9.41
2018-05-14,8588,0,0,12.74
2018-05-15,9035,0,0,13.44
2018-05-16,9712,0,0,14.2
2018-05-17,6275,0,0,6.17
2018-05-18,14526,0,0,10.69
2018-05-19,11339,0,0,8.48
2018-05-20,8955,0,0,6.33
2018-05-21,10987,0,0,8.34
2018-05-22,3659,0,0,2.74
2018-05-23,13347,0,0,9.81
2018-05-24,12995,0,0,9.78
2018-05-25,17997,0,0,13.05
2018-05-26,10757,0,0,7.79
2018-05-27,8206,0,0,6.33
2018-05-28,11555,0,0,8.32
2018-05-29,11080,0,0,8.03
2018-05-30,5315,0,0,3.97
2018-05-31,9496,0,0,7.05
2018-06-01,7320,0,0,5.15
2018-06-02,5756,0,0,4.14
2018-06-03,5686,0,0,4.27
2018-06-04,14082,0,0,10.21
2018-06-05,8675,0,0,6.46
2018-06-06,12898,0,0,9.6
2018-06-07,8121,0,0,5.87
2018-06-08,6702,0,0,4.99
2018-06-09,7053,0,0,4.85
2018-06-10,4490,0,0,3.35
2018-06-11,3179,0,0,2.33
2018-06-12,3466,0,0,2.55
2018-06-13,4407,0,0,3.07
2018-06-14,7755,0,0,5.71
2018-06-15,4851,0,0,3.63
2018-06-16,18035,0,0,13.42
2018-06-17,3193,0,0,2.34
2018-06-18,596,0,0,0.43
2018-06-19,3230,0,0,2.43
2018-06-20,9925,0,0,6.92
2018-06-21,6625,0,0,4.88
2018-06-22,7366,0,0,5.42
2018-06-23,3023,0,0,2.17
2018-06-24,6007,0,0,4.5
2018-06-25,4032,0,0,2.88
2018-06-26,110,0,0,0.08
2018-06-27,7340,0,0,5.66
2018-06-28,2444,0,0,1.76
2018-06-29,9980,0,0,7.42
2018-06-30,5931,0,0,4.45
2018-07-01,4045,0,0,2.87
2018-07-02,4431,0,0,3.22
2018-07-03,7205,0,0,5.57
2018-07-04,7742,0,0,5.84
2018-07-05,5519,0,0,4.02
2018-07-06,10965,0,0,7.82
2018-07-07,14852,0,0,10.6
2018-07-08,5511,0,0,4.17
2018-07-09,4636,0,0,3.47
2018-07-10,2683,0,0,2.03
2018-07-11,6542,0,0,4.84
2018-07-12,70,0,0,0.05
2018-07-13,6281,0,0,4.53
2018-07-14,4122,0,0,3.02
2018-07-15,3746,0,0,2.75
2018-07-16,5566,0,0,4.14
2018-07-17,2398,0,0,1.71
2018-07-18,7201,0,0,5.26
2018-07-19,2914,0,0,2.23
2018-07-20,7718,0,0,5.82
2018-07-21,9818,0,0,7.03
2018-07-22,4704,0,0,3.5
2018-07-23,7945,0,0,6.0
2018-07-24,5919,0,0,4.16
2018-07-25,2227,0,0,1.64
2018-07-26,6487,0,0,4.82
2018-07-27,15087,0,0,11.47
2018-07-28,13231,0,0,9.52
2018-07-29,2112,0,0,1.55
2018-07-30,16579,0,0,12.25
2018-07-31,12781,0,0,9.21
2018-08-01,8670,0,0,6.1
2018-08-02,8262,0,0,6.1
2018-08-03,4889,0,0,3.52
2018-08-04,323,0,0,0.23
2018-08-05,3768,0,0,2.81
2018-08-06,9778,0,0,7.12
2018-08-07,9401,0,0,6.85
2018-08-08,4324,0,0,3.12
2018-08-09,3354,0,0,2.4
2018-08-10,3962,0,0,2.93
2018-08-11,11692,0,0,8.63
2018-08-12,7336,0,0,5.3
2018-08-13,6412,0,0,4.45
2018-08-14,7437,0,0,5.38
2018-08-15,2583,0,0,1.91
2018-08-16,8884,0,0,6.63
2018-08-17,2866,0,0,2.11
2018-08-18,4900,0,0,3.56
2018-08-19,4007,0,0,2.99
2018-08-20,3563,0,0,2.63
2018-08-21,5941,0,0,4.43
2018-08-22,4924,0,0,3.67
2018-08-23,2861,0,0,2.1
2018-08-24,1878,0,0,1.4
2018-08-25,17737,0,0,14.44
2018-08-26,3129,0,0,2.22
2018-08-27,7131,0,0,5.24
2018-08-28,6667,0,0,4.79
2018-08-29,16073,0,0,10.69
2018-08-30,3715,0,0,2.84
2018-08-31,48,0,0,0.03
2018-09-01,8623,0,0,6.42
2018-09-02,9698,0,0,7.25
2018-09-03,8067,0,0,5.84
2018-09-04,10436,0,0,7.8
2018-09-05,11871,0,0,8.85
2018-09-06,5802,0,0,4.41
2018-09-07,8071,0,0,5.98
2018-09-08,8264,0,0,5.99
2018-09-09,3940,0,0,2.98
2018-09-10,10816,0,0,7.97
2018-09-11,9167,0,0,6.72
2018-09-12,7178,0,0,5.26
2018-09-13,6523,0,0,4.78
2018-09-14,5659,0,0,4.19
2018-09-15,13687,0,0,9.21
2018-09-16,17058,0,0,11.49
2018-09-17,8389,0,0,6.18
2018-09-18,7445,0,0,5.4
2018-09-19,7568,0,0,5.03
2018-09-20,12984,0,0,9.67
2018-09-21,13519,0,0,9.87
2018-09-22,8345,0,0,5.88
2018-09-23,239,0,0,0.17
2018-09-24,7204,0,0,5.22
2018-09-25,13643,0,0,10.0
2018-09-26,3906,0,0,2.72
2018-09-27,243,0,0,0.22
2018-09-28,4076,0,0,2.81
2018-09-29,16638,0,0,12.23
2018-09-30,3842,0,0,2.82
2018-10-01,9757,0,0,7.53
2018-10-02,4454,0,0,3.26
2018-10-03,15573,0,0,11.22
2018-10-04,14879,0,0,11.03
2018-10-05,8872,0,0,6.05
2018-10-06,25153,0,0,17.77
2018-10-09,13397,0,0,9.69
2018-10-10,11602,0,0,8.85
2018-10-11,19524,0,0,14.33
2018-10-12,29296,0,0,20.74
2018-10-15,3287,0,0,2.25
2018-10-16,15600,0,0,11.0
2018-10-18,13086,0,0,9.58
2018-10-19,4115,0,0,3.06
2018-10-20,4311,0,0,3.24
2018-10-21,8960,0,0,6.8
2018-10-22,9907,0,0,7.3
2018-10-23,8679,0,0,6.54
2018-10-24,8562,0,0,6.17
2018-10-25,8259,0,0,5.97
2018-10-26,15161,0,0,11.18
2018-10-27,10212,0,0,7.28
2018-10-28,4620,0,0,3.38
2018-10-29,19841,0,0,14.57
2018-10-31,16973,0,0,12.28
2018-11-01,3525,0,0,2.64
2018-11-02,5738,0,0,4.03
2018-11-03,15802,0,0,11.16
2018-11-04,1072,0,0,0.72
2018-11-05,6295,0,0,4.8
2018-11-06,13887,0,0,9.79
2018-11-07,5569,0,0,4.13
2018-11-08,5650,0,0,3.94
2018-11-09,12891,0,0,9.49
2018-11-10,9620,0,0,7.42
2018-11-11,1963,0,0,1.44
2018-11-12,27148,0,0,19.68
2018-11-14,4125,0,0,3.09
2018-11-15,6901,0,0,4.81
2018-11-16,8920,0,0,6.31
2018-11-17,108,0,0,0.08
2018-11-18,4190,0,0,3.2
2018-11-19,9310,0,0,6.6
2018-11-20,6993,0,0,5.18
2018-11-21,1441,0,0,1.06
2018-11-22,10127,0,0,6.97
2018-11-23,20483,0,0,14.92
2018-11-24,3894,0,0,2.61
2018-11-25,19471,0,0,13.62
2018-11-27,68,0,0,0.05
2018-11-28,8395,0,0,6.03
2018-11-29,12813,0,0,9.7
2018-11-30,2771,0,0,2.01
2018-12-01,4591,0,0,3.4
2018-12-02,4673,0,0,3.49
2018-12-03,10089,0,0,7.1
2018-12-04,2638,0,0,1.83
2018-12-05,7958,0,0,5.76
2018-12-06,10066,0,0,6.93
2018-12-07,3602,0,0,2.22
2018-12-08,2015,0,0,1.34
2018-12-09,11799,0,0,7.73
2018-12-10,7965,0,0,5.4
2018-12-11,5994,0,0,4.04
2018-12-12,8302,0,0,5.76
2018-12-13,8780,0,0,6.2
2018-12-14,15933,0,0,10.94
2018-12-16,3900,0,0,2.7
2018-12-17,8746,0,0,6.19
2018-12-18,3752,0,0,2.57
2018-12-19,2451,0,0,1.78
2018-12-20,21447,0,0,15.5
2018-12-22,12061,0,0,8.25
2018-12-23,9427,0,0,6.53
2018-12-24,9762,0,0,7.05
2018-12-25,9818,0,0,7.06
2018-12-26,3807,0,0,2.72
2018-12-27,5722,0,0,4.18
2018-12-28,6203,0,0,4.08
2018-12-29,8533,0,0,6.11
2018-12-30,18710,0,0,12.05
2018-12-31,13903,0,0,9.47
2019-01-01,14520,0,0,10.03
2019-01-02,7532,0,0,4.67
2019-01-03,8939,0,0,6.54
2019-01-04,10060,0,0,7.23
2019-01-05,4756,0,0,3.36
2019-01-06,2574,0,0,1.77
2019-01-07,8558,0,0,6.08
2019-01-08,3449,0,0,2.36
2019-01-09,7422,0,0,5.06
2019-01-10,10317,0,0,7.19
2019-01-11,14613,0,0,9.73
2019-01-12,6909,0,0,5.25
2019-01-13,2602,0,0,2.0
2019-01-14,2772,0,0,2.08
2019-01-15,5328,0,0,3.71
2019-01-16,2919,0,0,2.11
2019-01-17,12439,0,0,8.25
2019-01-18,5332,0,0,3.47
2019-01-19,3003,0,0,2.36
2019-01-20,7999,0,0,5.68
2019-01-21,4377,0,0,3.11
2019-01-22,546,0,0,0.37
2019-01-23,11183,0,0,8.46
2019-01-24,6395,0,0,4.63
2019-01-25,2054,0,0,1.54
2019-01-26,2827,0,0,2.09
2019-01-27,3659,0,0,2.69
2019-01-28,5951,0,0,4.13
2019-01-29,9156,0,0,6.76
2019-01-30,4497,0,0,3.08
2019-01-31,6368,0,0,4.58
2019-02-01,7671,0,0,5.47
2019-02-02,15542,0,0,10.83
2019-02-03,3160,0,0,2.14
2019-02-04,1775,0,0,1.25
2019-02-05,1162,0,0,0.83
2019-02-06,913,0,0,0.64
2019-02-07,9210,0,0,6.46
2019-02-08,2680,0,0,1.78
2019-02-09,11119,0,0,7.52
2019-02-10,2342,0,0,1.69
2019-02-11,9577,0,0,6.79
2019-02-12,6340,0,0,4.4
2019-02-13,5617,0,0,4.06
2019-02-14,11670,0,0,8.42
2019-02-15,9890,0,0,7.15
2019-02-16,4909,0,0,3.25
2019-02-17,9675,0,0,6.62
2019-02-18,5683,0,0,4.01
2019-02-19,10809,0,0,6.78
2019-02-20,5624,0,0,3.75
2019-02-21,5507,0,0,3.9
2019-02-22,13490,0,0,9.94
2019-02-23,7607,0,0,5.65
2019-02-24,9005,0,0,6.21
2019-02-25,13239,0,0,10.13
2019-02-26,8295,0,0,6.0
2019-02-27,8834,0,0,6.54
2019-02-28,10447,0,0,7.51
2019-03-01,18500,0,0,13.32
2019-03-02,2616,0,0,1.72
2019-03-03,4176,0,0,2.73
2019-03-04,9781,0,0,6.95
2019-03-05,11774,0,0,8.27
2019-03-06,6144,0,0,4.53
2019-03-07,4847,0,0,3.5
2019-03-08,10581,0,0,7.49
2019-03-09,12114,0,0,8.52
2019-03-10,8378,0,0,6.21
2019-03-11,14546,0,0,11.67
2019-03-12,10591,0,0,8.15
2019-03-13,4572,0,0,3.3
2019-03-14,4834,0,0,3.4
2019-03-15,6377,0,0,4.49
2019-03-16,8428,0,0,6.18
2019-03-17,8699,0,0,6.19
2019-03-18,9663,0,0,6.9
2019-03-19,12965,0,0,9.48
2019-03-20,5393,0,0,3.87
2019-03-21,9017,0,0,6.52
2019-03-22,8805,0,0,6.66
2019-03-23,5774,0,0,3.81
2019-03-24,7237,0,0,5.19
2019-03-25,6769,0,0,4.57
2019-03-26,11107,0,0,8.27
2019-03-27,2482,0,0,1.75
2019-03-28,4611,0,0,3.24
2019-03-29,9035,0,0,6.65
2019-03-30,839,0,0,0.56
2019-03-31,4621,0,0,3.32
2019-04-01,16588,0,0,11.96
2019-04-02,11197,0,0,7.63
2019-04-03,8110,0,0,5.91
2019-04-04,6448,0,0,4.77
2019-04-05,11138,0,0,7.48
2019-04-06,4796,0,0,3.14
2019-04-07,5197,0,0,3.66
2019-04-08,6763,0,0,5.03
2019-04-09,7018,0,0,4.82
2019-04-10,5507,0,0,4.06
2019-04-11,11565,0,0,8.7
2019-04-12,13590,0,0,9.85
2019-04-13,12968,0,0,11.73
2019-04-14,7316,0,0,5.39
2019-04-15,4617,0,0,3.43
2019-04-16,11839,0,0,8.77
2019-04-17,7775,0,0,5.86
2019-04-18,4000,0,0,2.93
2019-04-19,10275,0,0,7.73
2019-04-20,6209,0,0,4.6
2019-04-21,2399,0,0,1.69
2019-04-22,7643,0,0,5.76
2019-04-23,8039,0,0,6.08
2019-04-24,7055,0,0,5.22
2019-04-25,8589,0,0,6.25
2019-04-26,3885,0,0,2.83
2019-04-27,16927,0,0,13.75
2019-04-28,7081,0,0,5.14
2019-04-29,4575,0,0,3.46
2019-04-30,9034,0,0,6.84
2019-05-01,7327,0,0,5.22
2019-05-02,6691,0,0,4.87
2019-05-03,5213,0,0,3.82
2019-05-04,11279,0,0,8.33
2019-05-05,7578,0,0,5.37
2019-05-06,10600,0,0,7.55
2019-05-07,4531,0,0,3.41
2019-05-08,2418,0,0,1.76
2019-05-09,3250,0,0,2.37
2019-05-10,8241,0,0,5.87
2019-05-11,12620,0,0,9.0
2019-05-12,5337,0,0,3.92
2019-05-13,5279,0,0,3.92
2019-05-14,9551,0,0,7.05
2019-05-15,8610,0,0,6.27
2019-05-16,9949,0,0,7.32
2019-05-17,12961,0,0,9.51
2019-05-18,10948,0,0,7.88
2019-05-19,8916,0,0,6.54
2019-05-20,8025,0,0,5.89
2019-05-21,7768,0,0,5.78
2019-05-22,8160,0,0,5.43
2019-05-23,5286,0,0,3.94
2019-05-24,11226,0,0,8.46
2019-05-25,8245,0,0,6.13
2019-05-26,9096,0,0,6.73
2019-05-27,6766,0,0,5.13
2019-05-28,7910,0,0,5.56
2019-05-29,6517,0,0,4.63
2019-05-30,3432,0,0,2.59
2019-05-31,6856,0,0,5.12
2019-06-01,8839,0,0,6.5
2019-06-02,3304,0,0,2.25
2019-06-03,11159,0,0,8.15
2019-06-04,5488,0,0,4.11
2019-06-05,6176,0,0,4.7
2019-06-06,4291,0,0,3.24
2019-06-07,9213,0,0,6.85
2019-06-08,2624,0,0,1.95
2019-06-09,19175,0,0,15.75
2019-06-10,7600,0,0,5.44
2019-06-11,11794,0,0,8.47
2019-06-12,9519,0,0,7.05
2019-06-13,8282,0,0,6.16
2019-06-14,9177,0,0,7.23
2019-06-15,1476,0,0,1.09
2019-06-16,3827,0,0,2.71
2019-06-17,8465,0,0,6.29
2019-06-18,7326,0,0,5.38
2019-06-19,6826,0,0,5.06
2019-06-20,3290,0,0,2.47
2019-06-21,12971,0,0,9.55
2019-06-22,9604,0,0,7.15
2019-06-23,9273,0,0,6.92
2019-06-24,7038,0,0,5.21
2019-06-25,13134,0,0,9.58
2019-06-26,6526,0,0,4.65
2019-06-27,11455,0,0,8.12
2019-06-28,8835,0,0,6.42
2019-06-29,2850,0,0,2.06
2019-06-30,7385,0,0,5.37
2019-07-01,12800,0,0,8.87
2019-07-02,9594,0,0,7.09
2019-07-03,13342,0,0,9.51
2019-07-04,6449,0,0,4.62
2019-07-05,8656,0,0,6.2
2019-07-06,2529,0,0,1.76
2019-07-07,1939,0,0,1.37
2019-07-08,12967,0,0,9.4
2019-07-09,4505,0,0,3.1
2019-07-10,7844,0,0,5.41
2019-07-11,9539,0,0,7.76
2019-07-12,9489,0,0,6.72
2019-07-13,5908,0,0,4.19
2019-07-14,3052,0,0,2.13
2019-07-15,4039,0,0,2.74
2019-07-16,2002,0,0,1.33
2019-07-17,1831,0,0,1.34
2019-07-18,5762,0,0,4.12
2019-07-19,2781,0,0,1.99
2019-07-20,2119,0,0,1.46
2019-07-21,6153,0,0,4.46
2019-07-22,5002,0,0,3.59
2019-07-23,8867,0,0,6.69
2019-07-24,8755,0,0,6.19
2019-07-25,1670,0,0,1.21
2019-07-26,6617,0,0,4.73
2019-07-27,4241,0,0,3.07
2019-07-28,5466,0,0,3.81
2019-07-29,3751,0,0,2.73
2019-07-30,4823,0,0,3.36
2019-07-31,11782,0,0,9.0
2019-08-01,1299,0,0,0.94
2019-08-02,10599,0,0,7.48
2019-08-03,4414,0,0,2.99
2019-08-04,4348,0,0,3.1
2019-08-05,10337,0,0,7.26
2019-08-06,4712,0,0,3.4
2019-08-07,4737,0,0,3.14
2019-08-08,9010,0,0,6.35
2019-08-09,20429,0,0,14.61
2019-08-10,21759,0,0,15.49
2019-08-11,4818,0,0,3.37
2019-08-12,5506,0,0,3.87
2019-08-13,7210,0,0,5.27
2019-08-14,7137,0,0,5.05
2019-08-15,7676,0,0,5.73
2019-08-16,20319,0,0,14.7
2019-08-17,2959,0,0,2.03
2019-08-18,5780,0,0,3.92
2019-08-19,5046,0,0,3.62
2019-08-20,12078,0,0,8.38
2019-08-21,4950,0,0,3.51
2019-08-22,4901,0,0,3.57
2019-08-23,17495,0,0,12.38
2019-08-24,464,0,0,0.37
2019-08-25,7888,0,0,5.71
2019-08-26,7669,0,0,5.28
2019-08-27,9921,0,0,7.25
2019-08-28,8509,0,0,6.04
2019-08-29,5085,0,0,3.6
2019-08-30,20352,0,0,14.51
2019-08-31,5945,0,0,4.26
2019-09-01,18379,0,0,12.69
2019-09-02,5828,0,0,4.04
2019-09-03,15692,0,0,11.07
2019-09-04,6814,0,0,4.8
2019-09-05,3068,0,0,2.17
2019-09-06,13124,0,0,9.21
2019-09-07,9140,0,0,6.5
2019-09-08,7872,0,0,5.46
2019-09-09,1955,0,0,1.36
2019-09-10,7226,0,0,5.11
2019-09-11,4307,0,0,3.14
2019-09-12,6758,0,0,4.45
2019-09-13,12149,0,0,8.38
2019-09-14,8918,0,0,6.48
2019-09-15,4273,0,0,2.78
2019-09-16,8834,0,0,6.14
2019-09-17,3487,0,0,2.36
2019-09-18,5422,0,0,3.88
2019-09-19,5178,0,0,3.77
2019-09-20,3963,0,0,2.77
2019-10-01,8315,0,0,5.88
2019-10-02,3088,0,0,2.22
2019-10-03,1844,0,0,1.31
2019-10-04,5331,0,0,3.61
2019-10-05,8549,0,0,5.33
2019-10-06,5911,0,0,3.95
2019-10-07,5481,0,0,3.41
2019-10-08,10710,0,0,7.66
2019-10-09,5658,0,0,4.03
2019-10-10,4805,0,0,3.13
2019-10-11,16350,0,0,12.46
2019-10-12,10595,0,0,7.85
2019-10-13,9255,0,0,6.64
2019-10-14,5418,0,0,3.58
2019-10-15,5323,0,0,3.85
2019-10-16,6425,0,0,4.49
2019-10-17,5897,0,0,4.14
2019-10-18,9229,0,0,6.58
2019-10-19,9210,0,0,5.84
2019-10-20,10359,0,0,6.85
2019-10-21,8003,0,0,5.77
2019-10-22,1585,0,0,1.16
2019-10-23,6771,0,0,4.42
2019-10-24,4132,0,0,3.07
2019-10-25,7034,0,0,4.89
2019-10-26,2299,0,0,1.42
2019-10-27,12354,0,0,8.83
2019-10-28,2226,0,0,1.55
2019-10-29,5764,0,0,4.03
2019-10-30,1658,0,0,1.21
2019-10-31,5021,0,0,3.27
2019-11-01,7236,0,0,4.82
2019-11-02,24054,0,0,16.76
2019-11-03,10490,0,0,7.45
2019-11-04,4199,0,0,3.08
2019-11-05,1040,0,0,0.79
2019-11-06,5397,0,0,3.81
2019-11-07,5833,0,0,4.27
2019-11-08,8854,0,0,6.12
2019-11-09,6360,0,0,3.94
2019-11-10,3146,0,0,2.12
2019-11-11,802,0,0,0.59
2019-11-12,11689,0,0,8.02
2019-11-13,6807,0,0,4.49
2019-11-14,3756,0,0,2.57
2019-11-15,7159,0,0,5.16
2019-11-16,3777,0,0,2.82
2019-11-17,2448,0,0,1.65
2019-11-18,3447,0,0,2.55
2019-11-19,2801,0,0,2.05
2019-11-20,8361,0,0,6.1
2019-11-21,4554,0,0,3.28
2019-11-22,10776,0,0,7.73
2019-11-23,8465,0,0,6.14
2019-11-24,2538,0,0,1.78
2019-11-25,5655,0,0,3.66
2019-11-26,1642,0,0,1.24
2019-11-27,10128,0,0,7.03
2019-11-28,11590,0,0,8.54
2019-11-29,18914,0,0,14.02
2019-11-30,11598,0,0,8.32
2019-12-01,20884,0,0,14.46
2019-12-02,5073,0,0,3.61
2019-12-03,3747,0,0,2.67
2019-12-04,9215,0,0,6.45
2019-12-05,4929,0,0,3.56
2019-12-06,8601,0,0,5.85
2019-12-07,7503,0,0,5.11
2019-12-08,11089,0,0,6.99
2019-12-09,7830,0,0,5.44
2019-12-10,8967,0,0,6.16
2019-12-11,5453,0,0,4.01
2019-12-12,19122,0,0,13.5
2019-12-13,17938,0,0,12.39
2019-12-14,13476,0,0,9.2
2019-12-15,23702,0,0,16.73
2019-12-16,25299,0,0,17.87
2019-12-17,5959,0,0,4.29
2019-12-18,9650,0,0,6.68
2019-12-19,10021,0,0,6.89
2019-12-20,17876,0,0,11.59
2019-12-21,7677,0,0,5.51
2019-12-22,15741,0,0,9.76
2019-12-23,17219,0,0,11.38
2019-12-24,7548,0,0,5.12
2019-12-25,12650,0,0,8.75
2019-12-26,1974,0,0,1.42
2019-12-27,7828,0,0,5.4
2019-12-28,6572,0,0,4.66
2019-12-29,12769,0,0,10.47
2019-12-30,3666,0,0,2.52
2019-12-31,4041,0,0,2.92
2020-01-01,16286,0,0,12.1
2020-01-02,2878,0,0,2.01
2020-01-03,811,0,0,0.65
2020-01-04,1069,0,0,0.78
2020-01-05,4878,0,0,3.3
2020-01-06,1369,0,0,1.02
2020-01-07,2390,0,0,1.7
2020-01-08,7622,0,0,5.32
2020-01-09,7892,0,0,5.47
2020-01-10,3225,0,0,2.17
2020-01-11,11834,0,0,8.52
2020-01-12,5576,0,0,3.81
2020-01-13,8385,0,0,5.51
2020-01-14,15081,257.76,0,9.42
2020-01-15,16460,0,0,12.49
2020-01-16,10142,0,0,7.13
2020-01-17,6256,0,0,4.59
2020-01-18,2642,0,0,1.99
2020-01-19,13410,0,0,9.96
2020-01-20,5641,0,0,4.17
2020-01-21,8610,0,0,6.12
2020-01-22,3644,0,0,2.35
2020-01-23,4770,0,0,3.31
2020-01-24,2849,0,0,1.9
2020-01-25,1747,0,0,1.25
2020-01-26,9515,0,0,6.3
2020-01-27,266,0,0,0.19
2020-01-28,3812,0,0,2.76
2020-01-29,6182,0,0,4.17
2020-01-30,4743,0,0,3.29
2020-01-31,208,0,0,0.15
2020-02-01,4903,0,0,3.47
2020-02-02,4369,0,0,3.01
2020-02-03,7861,0,0,5.04
2020-02-04,9531,0,0,6.43
2020-02-05,6720,0,0,4.52
2020-02-06,3342,0,0,2.55
2020-02-07,2131,0,0,1.5
2020-02-08,6657,0,0,4.74
2020-02-09,9521,0,0,6.67
2020-02-10,374,0,0,0.26
2020-02-11,4566,0,0,3.32
2020-02-12,9327,0,0,6.71
2020-02-13,87,0,0,0.06
2020-02-14,3679,0,0,2.81
2020-02-15,8435,0,0,6.05
2020-02-16,4402,0,0,3.09
2020-02-17,5876,0,0,4.19
2020-02-18,179,0,0,0.12
2020-02-19,3010,0,0,2.12
2020-02-20,5427,0,0,3.78
2020-02-21,32,0,0,0.02
2020-02-22,21,0,0,0.01
2020-02-23,136,0,0,0.1
2020-02-24,9252,0,0,6.54
2020-02-25,3433,0,0,2.45
2020-02-26,8057,0,0,5.78
2020-02-27,7151,0,0,5.18
2020-02-28,3048,0,0,2.24
2020-02-29,3302,0,0,2.35
2020-03-01,3291,0,0,2.36
2020-03-02,5591,0,0,3.92
2020-03-03,2828,0,0,2.05
2020-03-04,5312,0,0,4.17
2020-03-05,6812,0,0,4.66
2020-03-06,5548,0,0,4.08
2020-03-07,6054,0,0,4.3
2020-03-08,5006,0,0,3.65
2020-03-09,7704,0,0,5.13
2020-03-10,2741,0,0,2.19
2020-03-11,5790,0,0,3.93
2020-03-12,4970,0,0,3.29
2020-03-13,3726,0,0,2.73
2020-03-14,3307,0,0,2.39
2020-03-15,99,0,0,0.08
2020-03-16,3811,0,0,2.84
2020-03-17,3809,0,0,2.64
2020-03-18,1063,0,0,0.76
2020-03-19,756,0,0,0.52
2020-03-20,164,0,0,0.11
2020-03-21,144,0,0,0.1
2020-03-22,194,0,0,0.14
2020-03-23,278,0,0,0.2
2020-03-24,463,0,0,0.33
2020-03-25,397,0,0,0.29
2020-03-26,138,0,0,0.1
2020-03-27,114,0,0,0.08
2020-03-28,30,0,0,0.02
2020-03-29,1604,0,0,1.15
2020-03-30,5659,0,0,4.15
2020-03-31,3322,0,0,2.33
2020-04-01,232,0,0,0.16
2020-04-02,70,0,0,0.05
2020-04-03,68,0,0,0.05
2020-04-04,163,0,0,0.17
2020-04-05,134,0,0,0.1
2020-04-06,292,0,0,0.24
2020-04-07,98,0,0,0.08
2020-04-08,229,0,0,0.16
2020-04-09,179,0,0,0.14
2020-04-10,197,0,0,0.16
2020-04-11,296,0,0,0.22
2020-04-12,418,0,0,0.33
2020-04-13,196,0,0,0.14
2020-04-14,368,0,0,0.27
2020-04-15,1732,0,0,1.31
2020-04-16,7297,0,0,4.55
2020-04-17,3157,0,0,2.01
2020-04-18,19649,0,0,13.52
2020-04-19,5533,0,0,3.83
2020-04-20,6101,0,0,3.89
2020-04-21,351,0,0,0.25
2020-04-22,6332,0,0,4.44
2020-04-23,111,0,0,0.07
2020-04-24,6350,0,0,4.57
2020-04-25,9296,0,0,6.28
2020-04-26,121,0,0,0.08
2020-04-27,1023,0,0,0.75
2020-04-28,2378,0,0,1.67
2020-04-29,6093,0,0,4.98
2020-04-30,3995,0,0,2.88
2020-05-01,4355,0,0,3.26
2020-05-02,4423,0,0,3.19
2020-05-03,2788,0,0,1.85
2020-05-04,5494,0,0,3.84
2020-05-05,5130,0,0,3.85
2020-05-06,122,0,0,0.09
2020-05-07,2740,0,0,2.03
2020-05-08,16598,0,0,11.5
2020-05-09,274,0,0,0.2
2020-05-10,962,0,0,0.72
2020-05-11,2773,0,0,2.06
2020-05-12,224,0,0,0.16
2020-05-13,3052,0,0,2.03
2020-05-14,315,0,0,0.22
2020-05-15,199,0,0,0.15
2020-05-16,258,0,0,0.18
2020-05-17,1081,0,0,0.74
2020-05-18,4673,0,0,3.24
2020-05-19,1629,0,0,1.0
2020-05-20,7380,0,0,5.52
2020-05-21,9778,0,0,7.0
2020-05-22,5915,0,0,4.11
2020-05-23,19882,0,0,14.1
2020-05-24,9795,0,0,8.24
2020-05-25,6852,0,0,6.5
2020-05-26,3805,0,0,2.88
2020-05-27,260,0,0,0.19
2020-05-28,8962,0,0,7.81
2020-05-29,6995,0,0,4.96
2020-05-30,2400,0,0,1.77
2020-05-31,14046,0,0,9.96
2020-06-01,8983,0,0,6.68
2020-06-02,2321,0,0,1.59
2020-06-03,2003,0,0,1.65
2020-06-04,1927,0,0,1.45
2020-06-05,10199,0,0,8.42
2020-06-06,6880,0,0,4.77
2020-06-07,6224,0,0,4.66
2020-06-08,187,0,0,0.11
2020-06-09,5816,0,0,4.16
2020-06-10,871,0,0,0.63
2020-06-11,5099,0,0,3.66
2020-06-12,7860,0,0,5.47
2020-06-13,4825,0,0,3.5
2020-06-14,15523,0,0,10.64
2020-06-15,15132,0,0,11.2
2020-06-16,138,0,0,0.1
2020-06-17,46,0,0,0.03
2020-06-18,3705,0,0,2.78
2020-06-19,8540,0,0,6.21
2020-06-20,5580,0,0,3.96
2020-06-21,4269,0,0,3.2
2020-06-22,3497,0,0,2.57
2020-06-23,44,0,0,0.03
2020-06-24,1988,0,0,1.39
2020-06-25,1744,0,0,1.24
2020-06-26,3652,0,0,2.67
2020-06-27,13835,0,0,9.6
2020-06-28,9095,0,0,6.51
2020-06-29,3236,0,0,2.14
2020-06-30,6319,0,0,4.58
2020-07-01,12630,0,0,8.36
2020-07-02,5399,0,0,3.77
2020-07-03,5981,0,0,4.34
2020-07-04,14598,0,0,10.55
2020-07-05,7016,0,0,5.23
2020-07-06,7913,0,0,5.72
2020-07-07,8187,0,0,5.86
2020-07-08,2518,0,0,1.84
2020-07-09,13764,0,0,9.59
2020-07-10,2611,0,0,1.94
2020-07-11,11660,0,0,8.27
2020-07-12,6290,0,0,4.22
2020-07-13,5732,0,0,4.01
2020-07-14,9968,0,0,6.93
2020-07-15,4290,0,0,3.09
2020-07-16,6059,0,0,4.41
2020-07-17,7254,0,0,4.85
2020-07-18,4911,0,0,3.51
2020-07-19,2301,0,0,1.58
2020-07-20,7165,0,0,5.4
2020-07-21,7523,0,0,5.21
2020-07-22,5616,0,0,4.0
2020-07-23,4850,0,0,3.35
2020-07-24,9041,0,0,6.88
2020-07-25,9686,0,0,6.89
2020-07-26,6695,0,0,6.08
2020-07-27,4249,0,0,3.03
2020-07-28,8382,0,0,5.66
2020-07-29,177,0,0,0.12
2020-07-30,12371,0,0,9.39
2020-07-31,4777,0,0,3.39
2020-08-01,6713,0,0,4.86
2020-08-02,7733,0,0,5.63
2020-08-03,12568,0,0,7.94
2020-08-04,10842,0,0,6.87
2020-08-05,2225,0,0,1.53
2020-08-06,6263,0,0,4.33
2020-08-07,149,0,0,0.1
2020-08-08,11669,0,0,7.99
2020-08-09,8438,0,0,6.03
2020-08-10,108,0,0,0.08
2020-08-11,12581,0,0,9.07
2020-08-12,10946,0,0,7.74
2020-08-13,12601,0,0,9.13
2020-08-14,11507,0,0,7.89
2020-08-15,8527,0,0,6.2
2020-08-16,5754,0,0,4.3
2020-08-17,13,0,0,0.01
2020-08-18,12159,0,0,8.38
2020-08-19,9082,0,0,6.43
2020-08-20,10006,0,0,7.41
2020-08-21,12172,0,0,9.1
2020-08-22,131,0,0,0.1
2020-08-23,85,0,0,0.06
2020-08-24,5738,0,0,4.21
2020-08-25,10768,0,0,7.71
2020-08-26,229,0,0,0.17
2020-08-27,715,0,0,0.53
2020-08-28,5277,0,0,3.76
2020-08-29,77,0,0,0.05
2020-08-30,11342,0,0,8.58
2020-08-31,4730,0,0,3.51
2020-09-01,2425,154.23,0,4.58
2020-09-02,77,0,0,0.05
2020-09-03,10556,8.49,0,7.83
2020-09-04,5527,0,0,3.81
2020-09-05,11613,0,0,7.64
2020-09-06,8179,242.51,0,10.42
2020-09-07,208,0,0,0.13
2020-09-08,11859,272.79,0,13.45
2020-09-09,12747,0,0,9.27
2020-09-10,14007,0,0,10.07
2020-09-11,4259,0,0,3.08
2020-09-12,3368,0,0,2.47
2020-09-13,11698,0,0,8.04
2020-09-14,11074,0,0,6.97
2020-09-15,5480,0,0,3.91
2020-09-16,26730,584.87,0,18.9
2020-09-17,30126,607.0,0,9.77
2020-09-18,9939,104.0,0,3.26
2020-09-19,23847,382.0,0,7.36
2020-09-20,22837,245.0,0,7.58
2020-09-21,18418,408.0,0,5.72
2020-09-22,27725,740.96,0,14.9
2020-09-23,19540,186.0,0,6.58
2020-09-24,19969,194.0,0,8.46
2020-09-25,17600,137.0,0,7.92
2020-09-26,2035,332.0,0,0.12
2020-09-27,24387,1053.67,0,14.93
2020-09-28,19652,204.0,0,6.83
2020-09-29,17456,933.75,0,11.08
2020-09-30,5437,65.0,0,1.4
2020-10-01,17521,874.79,0,11.81
2020-10-02,20923,917.64,0,13.96
2020-10-03,24363,1280.1,0,18.59
2020-10-04,14193,722.63,0,11.31
2020-10-05,23652,492.0,0,7.69
2020-10-06,9446,567.05,0,7.03
2020-10-07,13323,153.0,0,4.42
2020-10-08,26187,1148.76,0,16.7
2020-10-09,17595,550.36,0,10.05
2020-10-10,15942,432.0,0,4.7
2020-10-11,37578,764.0,0,13.87
2020-10-12,28424,1197.12,0,21.47
2020-10-13,15546,226.0,0,5.39
2020-10-14,7306,82.0,0,2.48
2020-10-15,22424,235.0,0,7.83
2020-10-16,15338,165.0,0,4.85
2020-10-17,16612,669.65,0,9.25
2020-10-18,5700,60.0,0,1.98
2020-10-19,792,12.0,0,0.19
2020-10-20,4861,62.0,0,1.4
2020-10-21,13118,137.0,0,4.37
2020-10-22,10499,125.0,0,3.33
2020-10-23,10505,98.0,0,3.77
2020-10-24,559,11.0,0,0.08
2020-10-25,3182,39.0,0,0.9
2020-10-26,1229,25.0,0,0.1
2020-10-27,2191,31.0,0,0.54
2020-10-28,837,16.0,0,0.08
2020-10-29,13849,616.66,0,9.79
2020-10-30,9891,120.0,0,2.9
2020-10-31,14106,168.0,0,4.55
2020-11-01,35357,1463.55,0,24.2
2020-11-02,19689,231.0,0,6.42
2020-11-03,8349,96.0,0,2.56
2020-11-04,35217,894.45,0,18.33
2020-11-05,26074,282.0,0,8.67
2020-11-06,39738,581.0,0,11.44
2020-11-07,13395,126.0,0,4.81
2020-11-08,28988,269.0,0,10.04
2020-11-09,10087,0,0,7.12
2020-11-10,10589,126.0,0,3.17
2020-11-11,16810,129.0,0,7.41
2020-11-12,23790,701.69,0,13.8
2020-11-13,3295,16.0,0,1.83
2020-11-14,6685,74.0,0,2.16
2020-11-15,20238,208.0,0,6.75
2020-11-16,877,16.0,0,0.03
2020-11-17,17115,189.0,0,5.16
2020-11-18,9164,104.0,0,2.95
2020-11-19,21259,217.0,0,6.53
2020-11-20,10478,128.0,0,3.06
2020-11-21,13174,151.0,0,4.42
2020-11-22,9103,19.0,0,5.21
2020-11-23,16120,181.0,0,5.06
2020-11-24,15580,168.0,0,5.08
2020-11-25,22931,374.0,0,7.93
2020-11-26,13730,153.0,0,4.09
2020-11-27,9478,104.0,0,2.65
2020-11-28,8272,90.0,0,2.42
2020-11-29,6641,84.0,0,1.77
2020-11-30,11760,51.0,0,6.38
2020-12-01,3817,0,0,2.58
2020-12-02,2994,413.0,0,0.15
2020-12-03,847,17.0,0,0.07
2020-12-04,11519,125.0,0,3.36
2020-12-05,5566,63.0,0,1.9
2020-12-06,8773,426.35,0,6.68
2020-12-07,509,13.0,0,0.02
2020-12-08,1804,40.0,0,0.02
2020-12-09,539,11.0,0,0.06
2020-12-10,632,19.0,0,0.01
2020-12-11,575,14.0,0,0.05
2020-12-12,664,15.0,0,0.03
2020-12-13,2216,30.0,0,0.54
2020-12-14,777,15.0,0,0.05
2020-12-15,1493,182.0,0,0.03
2020-12-16,9622,520.0,0,1.5
2020-12-17,6684,76.0,0,1.96
2020-12-18,16754,581.0,0,3.56
2020-12-19,23845,286.0,0,5.77
2020-12-20,17761,181.0,0,5.42
2020-12-21,2967,33.0,0,0.81
2020-12-22,32256,683.0,0,11.02
2020-12-23,10754,124.0,0,3.36
2020-12-24,15086,170.0,0,4.51
2020-12-25,25806,727.17,0,12.88
2020-12-26,38265,645.83,0,17.39
2020-12-27,6245,93.0,0,1.85
2020-12-28,25194,634.0,0,7.71
2020-12-29,3577,41.0,0,1.04
2020-12-30,1408,25.0,0,0.26
2020-12-31,7524,365.0,0,1.75
2021-01-01,12582,134.0,0,3.67
2021-01-02,6347,81.0,0,1.34
2021-01-03,6203,65.0,0,1.68
2021-01-04,12852,123.0,0,4.35
2021-01-05,14654,174.0,0,3.85
2021-01-06,11445,134.0,0,3.01
2021-01-07,23571,266.0,0,5.62
2021-01-08,19523,198.0,0,5.96
2021-01-09,13692,141.0,0,4.34
2021-01-10,5088,72.0,0,0.82
2021-01-11,4465,4.0,0,2.84
2021-01-12,4788,64.0,0,1.22
2021-01-13,686,14.0,0,0.08
2021-01-14,15406,142.0,0,5.49
2021-01-15,15281,185.0,0,4.26
2021-01-16,7353,75.0,0,2.47
2021-01-17,23269,257.0,0,7.6
2021-01-18,19001,315.0,0,5.92
2021-01-19,9783,104.0,0,3.09
2021-01-20,12351,129.0,0,3.8
2021-01-21,4033,55.0,0,1.02
2021-01-22,15046,169.0,0,5.12
2021-01-23,28081,286.0,0,8.93
2021-01-24,29262,259.0,0,10.19
2021-01-25,5637,63.0,0,1.71
2021-01-26,7787,110.0,0,1.98
2021-01-27,13058,160.0,0,4.15
2021-01-28,15478,240.0,0,4.5
2021-01-29,5786,85.0,0,1.73
2021-01-30,20491,267.0,0,6.65
2021-01-31,6919,89.0,0,2.21
2021-02-01,953,17.0,0,0.13
2021-02-02,11047,141.0,0,3.45
2021-02-03,9030,132.0,0,3.02
2021-02-04,19887,261.0,0,6.5
2021-02-05,23557,434.0,0,7.24
2021-02-06,16124,247.0,0,5.13
2021-02-07,12978,201.0,0,4.03
2021-02-08,16451,319.0,0,4.98
2021-02-09,14580,180.0,0,4.48
2021-02-10,4844,71.0,0,1.38
2021-02-11,3484,45.0,0,0.81
2021-02-12,399,7.0,0,0.04
2021-02-13,776,16.0,0,0.12
2021-02-14,13444,201.0,0,4.3
2021-02-15,4304,60.0,0,1.26
2021-02-16,10386,166.0,0,2.91
2021-02-17,14284,189.0,0,4.53
2021-02-18,16651,236.0,0,5.57
2021-02-19,384,9.0,0,0.04
2021-02-20,30642,342.0,0,10.59
2021-02-21,18784,214.0,0,6.55
2021-02-22,13837,199.0,0,4.58
2021-02-23,12818,166.0,0,4.14
2021-02-24,11529,119.0,0,4.98
2021-02-25,7459,0,0,4.83
2021-02-26,6149,82.0,0,1.75
2021-02-27,23080,319.0,0,7.26
2021-02-28,25435,334.0,0,8.08
2021-03-01,9436,179.0,0,2.03
2021-03-02,19284,321.0,0,5.99
2021-03-03,17168,214.0,0,6.12
2021-03-04,19533,269.0,0,6.65
2021-03-05,7167,81.0,0,2.61
2021-03-06,24797,269.0,0,9.73
2021-03-07,19506,255.0,0,5.81
2021-03-08,740,16.0,0,0.1
2021-03-09,15704,615.0,0,5.6
2021-03-10,11769,2074.0,0,3.83
2021-03-11,21844,2343.0,0,6.57
2021-03-12,10078,1800.0,0,3.44
2021-03-13,824,1085.0,0,0.1
2021-03-14,8831,2437.0,0,1.68
2021-03-15,13983,210.0,0,5.35
2021-03-16,506,12.0,0,0.07
2021-03-17,17199,561.62,0,9.36
2021-03-18,23246,283.0,0,8.15
2021-03-19,19389,223.0,0,6.51
2021-03-20,14651,186.0,0,4.74
2021-03-21,584,11.0,0,0.14
2021-03-22,9860,303.0,0,2.87
2021-03-23,320,7.0,0,0.04
2021-03-24,7616,98.0,0,2.4
2021-03-25,22590,341.0,0,7.68
2021-03-26,4300,58.0,0,1.49
2021-03-27,14535,142.0,0,6.44
2021-03-28,26153,328.0,0,9.31
2021-03-29,12302,144.0,0,4.11
2021-03-30,452,11.0,0,0.02
2021-03-31,10892,153.0,0,3.63
2021-04-01,19804,356.0,0,6.94
2021-04-02,8041,126.0,0,2.82
2021-04-03,12642,167.0,0,4.18
2021-04-04,710,13.0,0,0.03
2021-04-05,8750,146.0,0,2.57
2021-04-06,8816,124.0,0,2.9
2021-04-07,8728,127.0,0,2.96
2021-04-08,537,12.0,0,0.03
2021-04-09,5920,91.0,0,1.94
2021-04-10,16669,246.0,0,5.69
2021-04-11,5974,81.0,0,1.94
2021-04-12,5978,84.0,0,1.73
2021-04-13,11704,182.0,0,3.7
2021-04-14,434,10.0,0,0.03
2021-04-15,919,21.0,0,0.06
2021-04-16,920,21.0,0,0.11
2021-04-17,7322,766.0,0,2.56
2021-04-18,2266,26.0,0,0.61
2021-04-19,544,285.0,0,0.07
2021-04-20,547,12.0,0,0.09
2021-04-21,19252,451.0,0,6.68
2021-04-22,5115,69.0,0,1.73
2021-04-23,13462,147.0,0,5.05
2021-04-24,21636,280.0,0,7.45
2021-04-25,10775,152.0,0,3.73
2021-04-26,3255,41.0,0,1.16
2021-04-27,19502,445.0,0,6.96
2021-04-28,8083,283.0,0,2.47
2021-04-29,5679,114.0,0,1.81
2021-04-30,10141,144.0,0,3.52
2021-05-01,3981,69.0,0,1.13
2021-05-02,570,486.0,0,0.04
2021-05-03,5384,75.0,0,1.51
2021-05-04,13099,147.0,0,4.38
2021-05-05,12802,188.0,0,3.79
2021-05-06,15719,462.0,0,5.5
2021-05-07,12005,996.0,0,4.18
2021-05-08,6329,951.0,0,1.91
2021-05-09,2492,137.0,0,0.81
2021-05-10,3456,33.0,0,2.22
2021-05-11,14452,207.0,0,5.34
2021-05-12,5085,69.0,0,1.52
2021-05-13,16637,238.0,0,5.94
2021-05-14,13273,187.0,0,4.95
2021-05-15,16607,314.0,0,5.54
2021-05-16,3058,5.0,0,1.68
2021-05-17,5319,90.0,0,1.58
2021-05-18,20059,301.0,0,6.5
2021-05-19,9136,154.0,0,3.33
2021-05-20,7298,107.0,0,2.43
2021-05-21,19663,279.0,0,6.86
2021-05-22,1088,25.0,0,0.13
2021-05-23,8260,469.85,0,5.94
2021-05-24,9979,142.0,0,3.54
2021-05-25,4753,61.0,0,1.74
2021-05-26,672,13.0,0,0.11
2021-05-27,5851,79.0,0,2.0
2021-05-28,13657,415.0,0,4.33
2021-05-29,4817,61.0,0,1.73
2021-05-30,483,9.0,0,0.13
2021-05-31,3944,68.0,0,1.33
2021-06-01,10096,106.0,0,3.24
2021-06-02,4032,62.0,0,1.28
2021-06-03,588,12.0,0,0.05
2021-06-04,13715,187.0,0,3.75
2021-06-05,15854,285.0,0,5.31
2021-06-06,10038,212.0,0,3.16
2021-06-07,704,54.0,0,0.09
2021-06-08,766,79.0,0,0.03
2021-06-09,11318,334.0,0,3.39
2021-06-10,184,3.0,0,0.05
2021-06-11,8129,99.0,0,3.16
2021-06-12,11260,136.0,0,3.91
2021-06-13,440,7.0,0,0.11
2021-06-14,9656,123.0,0,3.55
2021-06-15,3601,41.0,0,1.26
2021-06-16,7717,120.0,0,2.65
2021-06-17,8474,173.0,0,1.98
2021-06-18,5777,88.0,0,1.85
2021-06-19,20426,616.0,0,7.37
2021-06-20,4767,101.0,0,1.62
2021-06-21,9443,131.0,0,3.32
2021-06-22,926,16.0,0,0.13
2021-06-23,5672,96.0,0,1.96
2021-06-24,10009,136.0,0,3.51
2021-06-25,570,10.0,0,0.12
2021-06-26,8524,125.0,0,2.9
2021-06-27,2318,63.0,0,0.05
2021-06-28,560,12.0,0,0.05
2021-06-29,1454,25.0,0,0.04
2021-06-30,614,14.0,0,0.12
2021-07-01,6383,68.0,0,2.06
2021-07-02,4798,75.0,0,1.69
2021-07-03,8754,127.0,0,3.12
2021-07-04,7223,84.0,0,2.64
2021-07-05,19678,230.0,0,6.76
2021-07-06,11892,1.0,0,8.41
2021-07-07,398,9.0,0,0.08
2021-07-08,11391,375.0,0,3.48
2021-07-09,14926,244.0,0,5.71
2021-07-10,14036,121.0,0,6.58
2021-07-11,20916,244.0,0,7.35
2021-07-12,16040,638.44,0,10.81
2021-07-13,14194,659.0,0,4.15
2021-07-14,11322,130.0,0,3.94
2021-07-15,6249,82.0,0,2.24
2021-07-16,827,16.0,0,0.17
2021-07-17,16794,590.0,0,5.73
2021-07-18,21540,252.0,0,7.31
2021-07-19,8397,41.0,0,4.17
2021-07-20,9195,130.0,0,2.57
2021-07-21,19144,483.0,0,5.18
2021-07-22,10569,157.0,0,3.34
2021-07-23,10239,153.0,0,3.69
2021-07-24,6916,113.0,0,2.44
2021-07-25,3517,40.0,0,1.11
2021-07-26,35896,590.0,0,13.1
2021-07-27,21420,554.72,0,10.06
2021-07-28,6975,54.0,0,3.5
2021-07-29,15592,418.75,0,7.99
2021-07-30,19196,253.0,0,6.92
2021-07-31,8089,231.0,0,2.97
2021-08-01,15448,168.0,0,5.5
2021-08-02,11836,16.0,0,8.15
2021-08-03,4211,72.0,0,1.39
2021-08-04,4387,72.0,0,1.51
2021-08-05,16001,462.0,0,5.04
2021-08-06,17054,635.0,0,5.95
2021-08-07,13137,101.0,0,6.38
2021-08-08,17876,210.0,0,6.19
2021-08-09,35082,691.0,0,12.4
2021-08-10,25611,312.0,0,8.81
2021-08-11,16145,178.0,0,5.74
2021-08-12,30354,401.0,0,10.64
2021-08-13,22623,313.0,0,7.38
2021-08-14,21845,283.0,0,6.77
2021-08-15,9885,152.0,0,2.96
2021-08-16,7719,86.0,0,2.72
2021-08-17,25243,280.0,0,9.14
2021-08-18,8929,102.0,0,3.38
2021-08-19,20662,228.0,0,7.01
2021-08-20,24236,235.0,0,8.9
2021-08-21,24438,314.0,0,9.21
2021-08-22,18573,250.0,0,6.93
2021-08-23,18291,280.0,0,5.39
2021-08-24,13059,196.0,0,4.52
2021-08-25,21295,273.0,0,7.46
2021-08-26,19559,223.0,0,7.53
2021-08-27,25633,378.0,0,9.67
2021-08-28,5373,70.0,0,1.93
2021-08-29,6586,90.0,0,2.01
2021-08-30,5790,92.0,0,2.18
2021-08-31,3938,6.0,0,2.78
2021-09-01,5634,97.0,0,1.92
2021-09-02,380,7.0,0,0.04
2021-09-03,14666,235.0,0,5.21
2021-09-04,28296,325.0,0,10.15
2021-09-05,9187,1.0,0,6.38
2021-09-06,4412,61.0,0,1.34
2021-09-07,11319,245.0,0,3.95
2021-09-08,14430,147.0,0,6.77
2021-09-09,10631,317.0,0,2.38
2021-09-10,10628,275.0,0,4.02
2021-09-11,8959,111.0,0,2.67
2021-09-12,938,256.0,0,0.18
2021-09-13,5244,63.0,0,1.81
2021-09-14,10601,119.0,0,3.45
2021-09-15,12667,167.0,0,3.87
2021-09-16,16073,221.0,0,6.09
2021-09-17,15468,199.0,0,5.3
2021-09-18,19509,873.0,0,6.11
2021-09-19,26843,647.0,0,8.73
2021-09-20,17616,1069.0,0,4.47
2021-09-21,3058,42.0,0,0.74
2021-09-22,355,7.0,0,0.07
2021-09-23,9021,619.0,0,2.63
2021-09-24,241,5.0,0,0.04
2021-09-25,23198,305.0,0,9.02
2021-09-26,18688,614.26,0,9.26
2021-09-27,11125,126.0,0,4.63
2021-09-28,10924,147.0,0,3.9
2021-09-29,7509,113.0,0,2.16
2021-09-30,14968,134.0,0,7.46
2021-10-01,33122,661.0,0,11.18
2021-10-02,10193,95.0,0,4.72
2021-10-03,29784,411.0,0,10.5
2021-10-04,15712,207.0,0,5.3
2021-10-05,6900,130.0,0,1.72
2021-10-06,11669,226.0,0,4.77
2021-10-07,6143,52.0,0,3.0
2021-10-08,11713,152.0,0,3.78
2021-10-09,25336,326.0,0,8.26
2021-10-10,13296,214.0,0,3.87
2021-10-11,11930,23.0,0,8.04
2021-10-12,12494,180.0,0,4.67
2021-10-13,5443,14.0,0,3.49
2021-10-14,6073,89.0,0,2.04
2021-10-15,795,13.0,0,0.21
2021-10-16,1357,25.0,0,0.14
2021-10-17,18098,260.0,0,6.69
2021-10-18,7650,80.0,0,3.83
2021-10-19,4957,0,0,3.33
2021-10-20,6503,0,0,4.8
2021-10-21,2252,0,0,1.73
2021-10-22,7646,0,0,5.29
2021-10-23,3344,0,0,2.59
2021-10-24,434,7.0,0,0.07
2021-10-25,6868,156.0,0,2.38
2021-10-26,5843,90.0,0,1.74
2021-10-27,6873,114.0,0,2.29
2021-10-28,16995,316.05,0,11.07
2021-10-29,2664,40.0,0,0.76
2021-10-30,13943,505.0,0,5.09
2021-10-31,17205,236.0,0,6.64
2021-11-01,9003,152.0,0,3.3
2021-11-02,16004,277.0,0,4.48
2021-11-03,14122,187.0,0,5.13
2021-11-04,9725,158.0,0,3.45
2021-11-05,755,92.69,0,0.39
2021-11-06,27633,521.0,0,10.2
2021-11-07,20661,247.0,0,6.94
2021-11-08,7404,94.0,0,3.03
2021-11-09,7850,90.0,0,2.71
2021-11-10,4493,74.0,0,1.39
2021-11-11,11417,165.0,0,4.33
2021-11-12,7709,106.0,0,2.4
2021-11-13,20113,287.0,0,7.02
2021-11-14,10740,136.0,0,4.03
2021-11-15,4744,0,0,3.4
2021-11-16,8481,135.0,0,2.49
2021-11-17,13287,182.0,0,4.34
2021-11-18,256,7.0,0,0.0
2021-11-19,13225,185.0,0,5.03
2021-11-20,405,9.0,0,0.03
2021-11-21,5234,84.0,0,1.91
2021-11-22,3055,0,0,1.82
2021-11-23,1647,0,0,0.97
2021-11-24,5894,3.76,0,4.3
2021-11-25,723,152.61,0,0.55
2021-11-26,12481,381.4,28.0,9.52
2021-11-27,18434,593.88,44.0,13.49
2021-11-28,23373,660.83,39.0,16.73
2021-11-29,5561,273.32,12.0,4.05
2021-11-30,15924,466.01,30.0,10.95
2021-12-01,2201,221.05,14.0,1.55
2021-12-02,15413,382.69,35.0,10.88
2021-12-03,15092,476.08,42.0,11.64
2021-12-04,17921,419.33,18.0,12.61
2021-12-05,23541,451.02,81.0,17.74
2021-12-06,1688,553.95,100.0,1.14
2021-12-07,10585,446.07,52.0,8.52
2021-12-08,13567,574.71,77.0,11.22
2021-12-09,10546,471.84,51.0,8.22
2021-12-10,10986,469.57,40.0,8.81
2021-12-11,7124,558.53,70.0,5.6
2021-12-12,20061,518.64,58.0,15.94
2021-12-13,1155,448.45,56.0,0.89
2021-12-14,1284,498.64,77.0,1.0
2021-12-15,19525,443.73,40.0,15.68
2021-12-16,1783,11.67,0,1.32
2021-12-17,6135,0.8,0,4.31
2021-12-18,21587,584.17,57.0,15.86
2021-12-19,10123,285.22,27.0,7.3
2021-12-20,10739,527.46,61.0,7.9
2021-12-21,4056,500.07,57.0,3.37
2021-12-22,8157,206.45,12.0,6.02
2021-12-23,1982,0,0,1.56
2021-12-24,10684,81.24,14.0,7.3
2021-12-25,22354,607.02,58.0,15.86
2021-12-26,11872,415.1,19.0,8.28
2021-12-27,16576,464.02,40.0,11.96
2021-12-28,11419,455.38,28.0,8.44
2021-12-29,27074,687.22,61.0,19.71
2021-12-30,49322,1442.49,255.0,34.99
2021-12-31,23390,613.22,51.0,16.93
2022-01-01,9982,391.41,27.0,7.4
2022-01-02,4540,238.82,9.0,2.89
2022-01-03,826,183.5,2.0,0.64
2022-01-04,3076,270.26,5.0,2.28
2022-01-05,1000,160.63,1.0,0.77
2022-01-06,923,160.72,1.0,0.76
2022-01-07,1062,172.36,0,0.84
2022-01-08,6050,266.05,16.0,4.5
2022-01-09,31079,855.35,133.0,21.59
2022-01-10,14987,446.5,37.0,11.2
2022-01-11,6221,298.17,11.0,4.68
2022-01-12,11519,396.05,26.0,8.57
2022-01-13,15349,378.11,34.0,11.19
2022-01-14,1034,174.51,1.0,0.79
2022-01-15,17193,460.22,39.0,12.49
2022-01-16,18544,535.43,49.0,14.08
2022-01-17,1360,194.71,1.0,1.07
2022-01-18,17126,436.58,25.0,13.15
2022-01-19,9177,305.07,15.0,6.63
2022-01-20,5245,244.84,13.0,3.77
2022-01-21,20624,497.64,41.0,15.59
2022-01-22,19679,759.86,92.0,14.53
2022-01-23,14655,412.62,26.0,10.9
2022-01-24,1019,202.17,1.0,0.77
2022-01-25,12440,434.77,45.0,9.01
2022-01-26,4210,74.04,0,3.17
2022-01-27,14354,439.6,18.0,10.57
2022-01-28,13944,390.02,9.0,10.14
2022-01-29,18771,781.04,104.0,15.1
2022-01-30,6622,346.87,42.0,5.98
2022-01-31,554,109.35,5.0,0.42
2022-02-01,2821,198.24,7.0,2.05
2022-02-02,18187,424.63,31.0,12.89
2022-02-03,499,232.93,28.0,0.38
2022-02-04,1513,484.65,51.0,1.24
2022-02-05,19904,728.92,108.0,15.52
2022-02-06,3546,447.29,56.0,3.33
2022-02-07,13427,454.72,36.0,10.26
2022-02-08,22979,714.11,88.0,16.64
2022-02-09,1510,452.65,50.0,1.21
2022-02-10,922,156.51,0,0.71
2022-02-11,16796,459.56,37.0,12.57
2022-02-12,13864,310.69,16.0,10.24
2022-02-13,805,111.3,0,0.6
2022-02-14,15742,574.35,65.0,12.14
2022-02-15,1583,311.36,38.0,1.26
2022-02-16,862,152.07,0,0.67
2022-02-17,30839,786.38,62.0,22.29
2022-02-18,16422,435.16,27.0,12.19
2022-02-19,24145,654.72,44.0,18.21
2022-02-20,23700,616.86,27.0,16.79
2022-02-21,617,138.53,0,0.42
2022-02-22,109,27.06,0,0.09
2022-02-24,1083,0,0,0.87
2022-02-25,2074,29.46,0,1.6
2022-02-26,439,103.77,0,0.33
2022-02-27,545,109.3,0,0.41
2022-02-28,391,123.32,0,0.29
2022-03-01,471,84.54,0,0.35
2022-03-02,94,23.41,0,0.07
2022-03-03,332,120.86,0,0.26
2022-03-04,174,84.7,0,0.13
2022-03-05,12592,355.67,15.0,9.12
2022-03-06,8809,240.76,11.0,6.68
2022-03-07,431,131.73,0,0.32
2022-03-08,15949,458.11,38.0,12.23
2022-03-09,15651,485.78,40.0,11.83
2022-03-10,6062,246.2,7.0,4.74
2022-03-11,21591,478.96,26.0,16.31
2022-03-12,20359,450.62,35.0,15.31
2022-03-13,21085,426.4,56.0,15.01
2022-03-14,11887,325.92,16.0,8.18
2022-03-15,5201,93.59,0,3.54
2022-03-16,9693,275.82,10.0,6.65
2022-03-17,6588,273.5,12.0,4.57
2022-03-18,454,139.48,1.0,0.33
2022-03-19,26112,887.08,103.0,17.25
2022-03-20,11087,361.54,19.0,7.63
2022-03-21,16909,432.53,25.0,11.75
2022-03-22,1622,114.6,0,1.03
2022-03-23,11648,703.64,83.0,8.67
2022-03-24,10300,453.13,54.0,7.03
2022-03-25,27197,701.64,103.0,19.16
2022-03-26,14096,299.02,17.0,9.23
2022-03-27,4166,252.51,40.0,2.91
2022-03-28,1168,372.79,56.0,0.92
2022-03-29,14414,448.17,39.0,10.25
2022-03-30,9112,592.43,63.0,6.66
2022-03-31,2786,533.33,907.0,2.2
2022-04-01,10023,349.03,165.0,6.97
2022-04-02,13691,484.64,61.0,14.76
2022-04-03,13417,378.66,29.0,9.38
2022-04-04,4817,215.67,1.0,3.38
2022-04-05,1077,167.29,1.0,0.78
2022-04-06,15788,357.96,19.0,10.18
2022-04-07,16230,439.9,22.0,10.79
2022-04-08,10177,402.29,18.0,7.14
2022-04-09,18142,498.43,33.0,12.51
2022-04-10,12994,366.23,23.0,9.33
2022-04-11,13093,440.47,8.0,9.17
2022-04-12,7748,99.69,0,5.18
2022-04-13,25123,781.85,65.0,17.6
2022-04-14,13122,834.26,96.0,13.75
2022-04-15,18429,958.46,56.0,20.64
2022-04-16,27285,595.14,82.0,18.3
2022-04-17,5870,556.2,59.0,4.15
2022-04-18,16261,721.06,44.0,16.09
2022-04-19,1412,550.28,80.0,1.01
2022-04-20,13050,451.84,17.0,8.57
2022-04-21,21500,658.81,35.0,14.67
2022-04-22,10554,327.15,12.0,7.15
2022-04-23,15013,544.55,47.0,10.25
2022-04-24,13154,187.2,10.0,8.64
2022-04-25,3654,255.4,5.0,2.48
2022-04-26,12432,402.79,10.0,8.42
2022-04-27,9944,187.24,21.0,6.45
2022-04-28,5938,0.37,0,3.91
2022-04-29,10897,0,0,6.78
2022-04-30,8894,0,0,5.2
2022-05-01,11209,0,0,7.22
2022-05-02,10471,0,0,6.59
2022-05-03,15219,0,0,9.86
2022-05-04,13672,0,0,8.26
2022-05-05,27335,546.8,51.0,18.47
2022-05-06,1132,556.23,92.0,0.74
2022-05-07,21297,668.44,78.0,14.21
2022-05-08,5975,429.63,56.0,3.99
2022-05-09,11322,442.77,9.0,7.7
2022-05-10,22788,537.26,28.0,15.33
2022-05-11,15820,463.08,53.0,10.68
2022-05-12,3855,121.99,0,2.56
2022-05-13,16479,408.09,31.0,11.31
2022-05-14,12039,229.78,21.0,7.8
2022-05-15,8986,0,0,5.43
2022-05-16,10084,14.72,3.0,6.61
2022-05-17,6613,0,0,4.2
2022-05-18,7971,0,0,5.03
2022-05-19,4582,0,0,2.68
2022-05-20,12653,0,0,8.16
2022-05-21,7486,0,0,4.67
2022-05-22,6235,0,0,4.04
2022-05-23,4526,0,0,2.83
2022-05-24,9147,0,0,5.97
2022-05-25,16611,0,0,10.38
2022-05-26,25954,706.1,72.0,17.93
2022-05-27,38278,895.64,56.0,26.38
2022-05-28,11371,604.79,90.0,7.71
2022-05-29,27750,530.86,26.0,18.42
2022-05-30,19681,358.23,41.0,11.6
2022-05-31,12117,343.21,9.0,7.94
2022-06-01,21451,491.0,23.0,14.07
2022-06-02,10739,331.01,5.0,7.09
2022-06-03,28984,735.86,68.0,19.34
2022-06-04,30162,793.84,69.0,20.19
2022-06-05,17060,393.32,22.0,11.23
2022-06-06,13057,401.22,20.0,8.78
2022-06-07,21910,713.02,42.0,14.94
2022-06-08,39235,782.69,98.0,27.21
2022-06-09,8527,241.18,6.0,5.95
2022-06-10,16818,419.59,35.0,11.28
2022-06-11,3329,136.99,6.0,2.28
2022-06-12,30585,720.52,58.0,22.33
2022-06-13,12932,328.6,9.0,8.77
2022-06-14,18513,510.96,25.0,12.85
2022-06-15,11707,283.88,10.0,8.09
2022-06-16,5372,470.18,49.0,3.87
2022-06-17,27407,532.46,38.0,19.12
2022-06-18,17884,731.89,71.0,12.84
2022-06-19,14980,434.28,24.0,10.48
2022-06-20,21173,542.66,47.0,14.77
2022-06-21,16190,370.6,20.0,11.41
2022-06-22,24783,566.0,62.0,18.44
2022-06-23,11577,306.19,17.0,8.35
2022-06-24,11812,367.01,17.0,8.54
2022-06-25,25933,618.56,72.0,20.55
2022-06-26,49044,1105.89,193.0,37.59
2022-06-27,14752,409.52,19.0,11.26
2022-06-28,16727,474.26,23.0,12.26
2022-06-29,11221,375.08,23.0,8.52
2022-06-30,12208,340.2,10.0,9.27
2022-07-01,8731,227.02,15.0,6.73
2022-07-02,1499,124.19,1.0,1.1
2022-07-03,29179,786.1,131.0,21.88
2022-07-04,13311,362.49,18.0,9.99
2022-07-05,13570,309.55,8.0,10.27
2022-07-06,28918,597.3,35.0,21.84
2022-07-07,32848,913.22,101.0,24.62
2022-07-08,34779,965.82,105.0,26.48
2022-07-09,23737,670.52,55.0,18.06
2022-07-10,19453,480.18,34.0,14.74
2022-07-11,1348,134.24,0,1.0
2022-07-12,19551,559.15,25.0,14.43
2022-07-13,17418,461.23,29.0,12.88
2022-07-14,9105,344.53,16.0,6.81
2022-07-15,30644,219.31,11.0,23.28
2022-07-16,22843,492.83,26.0,17.23
2022-07-17,51762,943.24,96.0,38.58
2022-07-18,33827,686.79,57.0,25.95
2022-07-19,51889,986.87,52.0,39.18
2022-07-20,20544,80.15,1.0,15.9
2022-07-21,19047,0,0,14.65
2022-07-22,12292,0,0,9.27
2022-07-23,9453,0,0,7.28
2022-07-24,11630,0,0,8.78
2022-07-25,8463,0,0,6.37
2022-07-26,3371,0,0,2.42
2022-07-27,6041,0,0,4.46
2022-07-28,3577,0,0,2.66
2022-07-29,9253,0,0,6.98
2022-07-30,4186,0,0,3.38
2022-07-31,110,0,0,0.1
2022-08-01,9738,0,0,7.57
2022-08-02,3870,0,0,2.91
2022-08-03,7520,0,0,5.52
2022-08-04,3737,0,0,2.74
2022-08-05,5468,0,0,4.05
2022-08-06,17506,0,0,12.95
2022-08-07,22385,0,0,16.58
2022-08-08,8810,0,0,6.58
2022-08-09,7077,0,0,4.81
2022-08-10,261,0,0,0.21
2022-08-11,3539,0,0,2.7
2022-08-12,12726,0,0,9.13
2022-08-13,30201,0,0,22.08
2022-08-14,14363,0,0,10.26
2022-08-15,6669,0,0,4.62
2022-08-16,6306,0,0,4.56
2022-08-17,17022,318.54,22.0,12.63
2022-08-18,13107,391.07,23.0,9.86
2022-08-19,20989,596.08,46.0,15.61
2022-08-20,16004,352.41,34.0,11.88
2022-08-21,18501,542.97,46.0,13.74
2022-08-22,8405,267.83,10.0,6.26
2022-08-23,14448,255.2,14.0,10.87
2022-08-24,1381,175.55,2.0,1.04
2022-08-25,22742,473.64,31.0,16.7
2022-08-26,12063,384.55,28.0,8.95
2022-08-27,19863,475.57,38.0,14.51
2022-08-28,26825,565.63,50.0,19.32
2022-08-29,9081,265.27,7.0,6.54
2022-08-30,11549,293.56,19.0,8.46
2022-08-31,17167,469.86,17.0,12.4
2022-09-01,15704,344.1,23.0,11.25
2022-09-02,21216,501.01,45.0,15.02
2022-09-03,11941,308.27,15.0,8.3
2022-09-04,15852,366.61,20.0,10.8
2022-09-05,8148,231.25,22.0,5.62
2022-09-06,12579,193.63,3.0,8.48
2022-09-07,19182,450.59,44.0,13.71
2022-09-08,13248,386.62,25.0,9.6
2022-09-09,15424,388.09,30.0,11.04
2022-09-10,13490,374.85,19.0,9.7
2022-09-11,6685,84.07,1.0,5.18
2022-09-12,4536,194.72,7.0,3.38
2022-09-13,17748,410.26,40.0,13.05
2022-09-14,13724,504.68,27.0,10.51
2022-09-15,21354,566.35,28.0,16.38
2022-09-16,21236,437.03,37.0,15.88
2022-09-17,15205,424.34,31.0,11.3
2022-09-18,23961,516.11,32.0,17.99
2022-09-19,24763,660.54,25.0,18.65
2022-09-20,27955,591.81,62.0,20.68
2022-09-21,4265,241.24,1.0,3.26
2022-09-22,16072,605.23,29.0,12.0
2022-09-23,16883,345.96,26.0,12.44
2022-09-24,15316,513.85,51.0,12.32
2022-09-25,19283,1033.76,136.0,14.49
2022-09-26,13124,505.56,69.0,9.98
2022-09-27,24014,635.71,59.0,18.72
2022-09-28,24033,634.73,51.0,17.94
2022-09-29,21396,449.15,28.0,15.79
2022-09-30,10967,388.36,29.0,8.69
2022-10-01,15963,465.75,39.0,12.16
2022-10-02,18948,568.52,70.0,14.39
2022-10-03,23825,622.78,48.0,18.46
2022-10-04,8054,87.66,9.0,6.0
2022-10-05,11350,359.65,21.0,8.79
2022-10-06,14109,407.29,30.0,10.32
2022-10-07,31845,904.4,113.0,23.9
2022-10-08,34287,877.84,103.0,26.43
2022-10-09,15242,523.7,72.0,11.88
2022-10-10,17960,237.55,16.0,14.58
2022-10-11,12342,427.78,17.0,9.45
2022-10-12,15216,463.16,21.0,11.68
2022-10-13,28767,814.63,82.0,21.66
2022-10-14,23837,542.57,45.0,18.54
2022-10-15,8953,274.6,11.0,5.9
2022-10-16,41993,770.66,91.0,33.82
2022-10-17,5909,211.71,14.0,4.6
2022-10-18,12473,394.49,19.0,9.96
2022-10-19,6015,220.22,3.0,4.68
2022-10-20,13844,323.41,6.0,10.93
2022-10-21,22101,584.12,59.0,17.29
2022-10-22,6032,169.55,5.0,4.73
2022-10-23,14355,85.5,10.0,11.42
2022-10-24,12771,304.25,25.0,10.29
2022-10-25,8826,65.8,11.0,7.19
2022-10-26,5764,39.72,1.0,4.56
2022-10-27,11587,447.62,61.0,9.09
2022-10-28,15268,358.52,37.0,12.09
2022-10-29,20647,710.42,119.0,16.13
2022-10-30,10535,285.19,13.0,7.88
2022-10-31,13563,666.62,73.0,10.35
2022-11-01,14914,512.33,72.0,10.98
2022-11-02,2094,548.25,40.0,1.8
2022-11-03,20263,491.22,37.0,15.11
2022-11-04,15513,469.6,35.0,11.98
2022-11-05,9759,444.39,50.0,7.76
2022-11-06,6268,266.44,6.0,4.79
2022-11-07,3691,181.85,8.0,2.94
2022-11-08,12134,347.0,18.0,9.51
2022-11-09,11663,364.47,23.0,9.16
2022-11-10,13296,426.94,36.0,10.08
2022-11-11,15480,372.31,27.0,11.8
2022-11-12,9410,329.61,29.0,7.16
2022-11-13,5781,265.81,23.0,4.36
2022-11-14,8039,427.77,59.0,6.25
2022-11-15,16704,447.77,50.0,12.93
2022-11-16,258,71.6,1.0,0.2
2022-11-17,16118,416.05,26.0,11.84
2022-11-18,21805,511.62,47.0,16.36
2022-11-19,16652,549.08,28.0,12.14
2022-11-20,7269,242.09,11.0,5.31
2022-11-21,13993,367.92,31.0,10.65
2022-11-22,14432,366.59,11.0,10.7
2022-11-23,6290,30.56,0,4.41
2022-11-24,11053,297.35,6.0,7.85
2022-11-25,23294,519.2,62.0,18.09
2022-11-26,32160,1277.85,205.0,24.85
2022-11-27,16115,899.14,151.0,11.93
2022-11-28,2243,183.35,7.0,1.68
2022-11-29,2909,131.67,3.0,2.16
2022-11-30,12021,344.85,21.0,8.77
2022-12-01,13586,366.63,27.0,10.31
2022-12-02,14029,352.24,33.0,10.29
2022-12-03,11734,280.24,32.0,8.58
2022-12-04,15644,407.81,25.0,10.9
2022-12-05,13072,305.31,20.0,9.55
2022-12-06,22701,488.06,35.0,16.21
2022-12-07,4371,256.49,13.0,3.23
2022-12-08,30881,549.13,32.0,21.83
2022-12-09,22781,576.62,33.0,16.27
2022-12-10,34369,697.25,42.0,24.14
2022-12-11,28851,519.96,47.0,20.69
2022-12-12,27211,535.66,40.0,19.37
2022-12-13,18406,550.45,37.0,13.21
2022-12-14,16227,354.58,23.0,11.41
2022-12-15,19581,619.38,88.0,13.98
2022-12-16,17143,321.1,27.0,11.93
2022-12-17,6158,0,0,4.17
2022-12-18,11865,322.44,26.0,8.32
2022-12-19,13222,392.02,61.0,9.58
2022-12-20,10713,347.17,37.0,7.83
2022-12-21,13784,356.31,32.0,10.02
2022-12-22,7139,219.61,18.0,5.34
2022-12-23,20717,703.36,98.0,15.01
2022-12-24,10545,486.66,110.0,7.7
2022-12-25,9386,394.06,74.0,6.8
2022-12-26,14142,607.0,75.0,10.87
2022-12-27,1008,245.66,49.0,0.68
2022-12-28,10992,450.88,64.0,7.98
2022-12-29,22380,326.62,21.0,16.75
2022-12-30,13150,14.73,0,9.8
2022-12-31,13607,0.06,0,10.1
2023-01-01,16219,0,0,11.69
2023-01-02,11413,42.93,1.0,8.03
2023-01-03,4334,0,0,3.11
2023-01-04,13049,568.31,69.0,9.55
2023-01-05,7312,50.71,3.0,5.78
2023-01-06,9011,0,0,6.61
2023-01-07,11358,629.35,106.0,9.56
2023-01-08,12895,418.2,55.0,9.31
2023-01-09,10491,268.68,16.0,7.6
2023-01-10,20581,517.92,58.0,15.62
2023-01-11,7446,250.76,13.0,5.47
2023-01-12,20382,691.5,84.0,15.69
2023-01-13,14861,310.05,19.0,11.06
2023-01-14,27042,450.6,41.0,19.36
2023-01-15,22471,640.88,92.0,15.85
2023-01-16,13641,325.06,11.0,9.68
2023-01-17,13997,637.21,87.0,9.6
2023-01-18,5934,136.42,7.0,4.31
2023-01-19,7611,174.92,4.0,4.99
2023-01-20,14219,472.12,36.0,10.18
2023-01-21,7473,502.64,29.0,5.33
2023-01-22,7610,226.46,7.0,5.4
2023-01-23,20474,601.99,138.0,15.2
2023-01-24,9272,146.14,16.0,6.79
2023-01-25,15764,557.99,63.0,11.71
2023-01-26,27985,507.11,50.0,19.98
2023-01-27,23276,911.14,159.0,17.14
2023-01-28,16175,423.75,29.0,11.59
2023-01-29,15782,379.32,32.0,11.02
2023-01-30,9322,320.06,22.0,6.68
2023-01-31,23240,843.31,164.0,17.09
2023-02-01,8016,229.84,3.0,5.3
2023-02-02,10900,498.85,53.0,7.78
2023-02-03,17826,339.64,20.0,12.3
2023-02-04,23871,446.89,39.0,16.74
2023-02-05,42457,1115.45,188.0,30.16
2023-02-06,12545,375.37,10.0,8.63
2023-02-07,24591,1182.76,273.0,17.41
2023-02-08,16189,942.84,124.0,11.95
2023-02-09,14577,356.33,24.0,10.41
2023-02-10,16796,278.96,12.0,11.92
2023-02-11,26714,449.24,24.0,19.87
2023-02-12,28469,972.45,193.0,19.84
2023-02-13,13298,385.04,48.0,9.78
2023-02-14,17166,881.43,164.0,12.84
2023-02-15,20451,516.37,37.0,14.43
2023-02-16,4894,70.0,14.0,3.51
2023-02-17,47840,1126.08,134.0,32.24
2023-02-18,24441,526.66,57.0,17.66
2023-02-19,5303,278.62,1.0,3.74
2023-02-20,8751,278.77,17.0,6.33
2023-02-21,22760,591.38,64.0,16.62
2023-02-22,11274,364.59,38.0,8.18
2023-02-23,11513,554.0,46.0,8.71
2023-02-24,34134,830.84,89.0,25.85
2023-02-25,16797,351.26,19.0,12.34
2023-02-26,17267,307.27,14.0,12.21
2023-02-27,17026,809.44,156.0,12.98
2023-02-28,28442,520.96,25.0,20.52
2023-03-01,14567,333.08,34.0,10.64
2023-03-02,3759,98.99,8.0,2.7
2023-03-03,3214,30.26,0,2.4
2023-03-04,5105,137.33,5.0,3.71
2023-03-05,5394,147.58,19.0,3.99
2023-03-06,16443,386.98,49.0,11.97
2023-03-07,8957,580.42,74.0,6.6
2023-03-08,21204,411.88,31.0,15.2
2023-03-09,13944,900.33,115.0,10.59
2023-03-10,11029,376.86,39.0,8.57
2023-03-11,28541,669.77,153.0,20.43
2023-03-12,12629,667.25,107.0,9.11
2023-03-13,8175,398.18,45.0,5.66
2023-03-14,7073,81.65,29.0,5.38
2023-03-15,3825,226.51,47.0,2.79
2023-03-16,16581,540.15,62.0,12.57
2023-03-17,24882,436.84,31.0,18.06
2023-03-18,13341,413.42,45.0,9.79
2023-03-19,26798,572.11,51.0,21.21
2023-03-20,24811,992.92,102.0,27.96
2023-03-21,23643,481.81,55.0,17.41
2023-03-22,15462,355.66,22.0,11.41
2023-03-23,13751,350.72,15.0,9.98
2023-03-24,14968,660.56,95.0,11.37
2023-03-25,15645,436.85,54.0,11.38
2023-03-26,15601,555.21,100.0,11.2
2023-03-27,9165,301.16,13.0,6.7
2023-03-28,22080,680.24,99.0,16.72
2023-03-29,14476,662.43,120.0,10.66
2023-03-30,14921,1003.57,119.0,11.26
2023-03-31,23921,904.31,140.0,17.21
2023-04-01,38295,717.1,150.0,27.73
2023-04-02,15050,402.39,52.0,11.24
2023-04-03,15804,604.67,73.0,11.45
2023-04-04,13535,608.15,52.0,10.14
2023-04-05,14297,338.28,13.0,10.42
2023-04-06,17397,631.59,82.0,12.92
2023-04-07,12024,330.86,59.0,9.15
2023-04-08,13366,333.07,8.0,9.77
2023-04-09,18726,659.92,84.0,14.11
2023-04-10,29947,885.6,97.0,22.94
2023-04-11,13947,657.91,58.0,10.22
2023-04-12,11154,607.75,48.0,8.02
2023-04-13,20263,1368.93,167.0,15.15
2023-04-14,10363,483.81,38.0,7.53
2023-04-15,29080,493.67,89.0,21.04
2023-04-16,19964,716.3,84.0,14.41
2023-04-17,29196,1303.2,202.0,21.9
2023-04-18,28234,923.27,115.0,20.32
2023-04-19,20087,827.46,109.0,14.34
2023-04-20,24912,559.82,78.0,17.51
2023-04-21,21882,711.3,79.0,15.36
2023-04-22,13361,314.05,25.0,10.03
2023-04-23,15838,507.1,64.0,11.97
2023-04-24,11578,762.73,177.0,8.65
2023-04-25,20044,485.72,63.0,15.26
2023-04-26,14832,513.04,84.0,11.15
2023-04-27,5995,194.12,17.0,4.26
2023-04-28,21412,472.58,41.0,14.87
2023-04-29,23265,564.91,91.0,16.08
2023-04-30,6660,344.13,46.0,5.31
2023-05-01,13447,265.3,15.0,9.91
2023-05-02,12571,537.47,47.0,9.31
2023-05-03,16549,376.12,11.0,11.81
2023-05-04,15351,369.65,63.0,11.16
2023-05-05,11539,304.38,20.0,8.14
2023-05-06,11254,228.66,15.0,8.15
2023-05-07,31385,621.52,68.0,22.62
2023-05-08,8149,259.78,10.0,5.87
2023-05-09,6317,214.56,9.0,4.83
2023-05-10,31603,1249.12,250.0,23.17
2023-05-11,20546,448.11,41.0,15.04
2023-05-12,19208,426.27,31.0,13.93
2023-05-13,27803,590.38,57.0,20.69
2023-05-14,20780,498.92,46.0,15.25
2023-05-15,12016,498.68,58.0,8.98
2023-05-16,16468,609.47,85.0,12.4
2023-05-17,31079,743.29,70.0,23.29
2023-05-18,17225,687.61,79.0,13.34
2023-05-19,14238,548.86,66.0,10.31
2023-05-20,11096,761.74,153.0,8.33
2023-05-21,21579,593.15,65.0,16.17
2023-05-22,18306,631.56,90.0,14.26
2023-05-23,17142,671.64,82.0,13.01
2023-05-24,13010,500.9,45.0,10.11
2023-05-25,11921,343.11,30.0,9.09
2023-05-26,13502,334.57,32.0,10.26
2023-05-27,25979,514.22,55.0,18.5
2023-05-28,21696,666.12,88.0,15.93
2023-05-29,39471,778.66,92.0,28.85
2023-05-30,14048,292.3,7.0,10.12
2023-05-31,15078,307.12,31.0,11.54
2023-06-01,28243,618.49,69.0,20.98
2023-06-02,34045,677.69,55.0,25.49
2023-06-03,50172,862.7,106.0,37.41
2023-06-04,13559,58.22,6.0,10.35
2023-06-05,34787,741.89,66.0,26.17
2023-06-06,41216,811.17,95.0,31.16
2023-06-07,28448,575.92,41.0,21.05
2023-06-08,27239,564.53,31.0,19.79
2023-06-09,17288,577.34,53.0,12.83
2023-06-10,48965,881.26,95.0,35.11
2023-06-11,47186,830.29,113.0,33.37
2023-06-12,8367,255.7,19.0,6.21
2023-06-13,31938,633.77,52.0,22.8
2023-06-14,9365,844.89,176.0,7.0
2023-06-15,31902,679.4,81.0,22.86
2023-06-16,21574,422.56,44.0,15.82
2023-06-17,30960,800.15,109.0,22.31
2023-06-18,7847,46.22,4.0,5.78
2023-06-19,9894,3.2,1.0,7.35
2023-06-20,6285,0,0,4.59
2023-06-21,13450,0,0,9.88
2023-06-22,6202,0,0,4.43
2023-06-23,6763,0,0,5.03
2023-06-24,6998,0,0,5.23
2023-06-25,12477,0,0,8.96
2023-06-26,7945,0,0,5.51
2023-06-27,4646,0,0,3.39
2023-06-28,10071,0,0,7.29
2023-06-29,18495,273.71,24.0,13.57
2023-06-30,5095,30.57,1.0,3.74
2023-07-01,12300,0,0,9.1
2023-07-02,15440,1226.9,185.0,11.52
2023-07-03,8882,260.3,12.0,6.5
2023-07-04,9830,614.86,82.0,7.39
2023-07-05,11842,824.07,181.0,9.11
2023-07-06,9579,354.71,12.0,7.12
2023-07-07,19698,623.38,78.0,14.72
2023-07-08,28696,627.82,38.0,21.14
2023-07-09,25472,1427.03,262.0,18.95
2023-07-10,10897,847.61,192.0,8.22
2023-07-11,12013,332.06,31.0,8.96
2023-07-12,20387,468.73,30.0,15.12
2023-07-13,6257,281.59,11.0,4.65
2023-07-14,13993,251.52,32.0,10.37
2023-07-15,19075,515.51,34.0,14.19
2023-07-16,29577,716.21,97.0,21.38
2023-07-17,28822,811.8,113.0,21.1
2023-07-18,14167,995.13,124.0,11.45
2023-07-19,18600,526.98,51.0,13.53
2023-07-20,35691,796.08,59.0,26.14
2023-07-21,19902,366.82,32.0,14.44
2023-07-22,20403,769.96,102.0,15.0
2023-07-23,17144,952.24,138.0,12.67
2023-07-24,9571,296.85,26.0,7.21
2023-07-25,15541,354.56,28.0,11.61
2023-07-26,15286,507.32,82.0,11.17
2023-07-27,12795,876.38,181.0,9.44
2023-07-28,10101,961.01,233.0,7.39
2023-07-29,10926,698.59,161.0,7.92
2023-07-30,10024,290.79,31.0,7.43
2023-07-31,37105,573.83,61.0,26.37
2023-08-01,14179,421.23,71.0,10.7
2023-08-02,22487,743.82,106.0,16.54
2023-08-03,15196,697.04,68.0,11.4
2023-08-04,9385,112.73,7.0,6.89
2023-08-05,18492,2.82,0,14.59
2023-08-06,9723,227.57,8.0,6.88
2023-08-07,7384,382.71,44.0,5.4
2023-08-08,12841,226.22,13.0,9.27
2023-08-09,4924,25.6,1.0,3.58
2023-08-10,3345,0.08,0,2.46
2023-08-11,7869,0,0,5.61
2023-08-12,13257,0,0,9.4
2023-08-13,17271,0,0,13.21
2023-08-14,8846,0,0,6.29
2023-08-15,14959,0,0,11.29
2023-08-16,3301,0,0,2.42
2023-08-17,2437,0,0,1.87
2023-08-18,11516,0,0,8.26
2023-08-19,16159,1214.87,215.0,12.81
2023-08-20,12478,42.4,2.0,9.36
2023-08-21,7058,0.27,0,5.07
2023-08-22,7052,0.16,0,4.87
2023-08-23,3556,0,0,2.58
2023-08-24,9072,0,0,6.62
2023-08-25,3947,0,0,2.85
2023-08-26,4109,0,0,2.98
2023-08-27,10994,0,0,8.14
2023-08-28,7412,0,0,5.26
2023-08-29,7817,0,0,5.77
2023-08-30,9377,0,0,6.86
2023-08-31,2491,0,0,1.79
2023-09-01,8336,0,0,6.14
2023-09-02,8096,0,0,5.96
2023-09-03,6640,0,0,5.0
2023-09-04,7599,0,0,5.52
2023-09-05,11516,0,0,8.41
2023-09-06,6132,0,0,4.57
2023-09-07,6190,0,0,4.54
2023-09-08,8712,0,0,7.24
2023-09-09,5372,0,0,3.84
2023-09-10,15847,0,0,11.49
2023-09-11,8061,0,0,5.86
2023-09-12,5832,0,0,4.33
2023-09-13,12172,204.47,5.0,9.16
2023-09-14,21863,787.66,125.0,16.09
2023-09-15,12873,174.08,27.0,9.67
2023-09-16,5235,0,0,3.8
2023-09-17,17172,0,0,12.46
2023-09-18,9427,0,0,6.96
2023-09-19,9679,0,0,7.08
2023-09-20,1384,0,0,0.94
2023-09-21,12396,0,0,9.28
2023-09-22,10969,0,0,8.08
2023-09-23,9790,0,0,7.09
2023-09-24,12875,0,0,9.43
2023-09-25,6919,0,0,5.02
2023-09-26,7978,0,0,5.82
2023-09-27,5822,0,0,4.26
2023-09-28,2348,0,0,1.82
2023-09-29,1199,0,0,0.86
2023-09-30,8035,0,0,5.76
2023-10-01,1022,0,0,0.8
2023-10-02,6426,0,0,5.23
2023-10-03,5498,0,0,4.15
2023-10-04,13161,0,0,9.38
2023-10-05,12026,0,0,8.48
2023-10-06,15565,0,0,11.23
2023-10-07,15749,428.73,46.0,11.62
2023-10-08,15621,250.56,22.0,11.45
2023-10-09,9666,0,0,6.97
2023-10-10,19012,353.56,37.0,14.09
2023-10-11,15252,285.29,28.0,11.2
2023-10-12,12123,259.44,7.0,8.69
2023-10-13,21339,496.1,25.0,15.78
2023-10-14,858,1.59,1.0,0.64
2023-10-15,9649,0.06,0,7.18
2023-10-16,10216,0,0,7.45
2023-10-17,10761,0,0,7.75
2023-10-18,11811,0,0,8.84
2023-10-19,10723,0,0,8.0
2023-10-20,15849,444.06,49.0,11.94
2023-10-21,23663,861.82,144.0,18.09
2023-10-22,5844,0,0,4.18
2023-10-23,6174,0,0,4.56
2023-10-24,11851,0,0,8.32
2023-10-25,9564,0,0,6.94
2023-10-26,4377,0,0,3.39
2023-10-27,10179,0,0,7.2
2023-10-28,4174,0,0,3.13
2023-10-29,9034,0,0,6.81
2023-10-30,4865,0,0,3.61
2023-10-31,7197,0,0,5.31
2023-11-01,7422,0,0,5.56
2023-11-02,5488,0,0,4.21
2023-11-03,10030,0,0,7.55
2023-11-04,1900,0,0,1.48
2023-11-05,3180,0,0,2.39
2023-11-06,4568,0,0,3.38
2023-11-07,5134,0,0,3.81
2023-11-08,5855,0,0,4.26
2023-11-09,4998,0,0,3.61
2023-11-10,8421,0,0,6.19
2023-11-11,6316,0,0,4.45
2023-11-12,6180,0,0,4.54
2023-11-13,6467,0,0,4.7
2023-11-14,9231,0,0,6.49
2023-11-15,14274,0,0,10.49
2023-11-16,8621,0,0,6.38
2023-11-17,7729,0,0,5.82
2023-11-18,9406,0,0,6.68
2023-11-19,3306,0,0,2.41
2023-11-20,3775,0,0,2.79
2023-11-21,3871,0,0,2.76
2023-11-22,1541,0,0,1.13
2023-11-23,5151,0,0,3.7
2023-11-24,9496,0,0,6.74
2023-11-25,7348,0,0,5.32
2023-11-26,3373,0,0,2.52
2023-11-27,5761,0,0,4.13
2023-11-28,4941,0,0,3.42
2023-11-29,8481,0,0,6.2
2023-11-30,7034,0,0,5.12
2023-12-01,6641,0,0,4.75
2023-12-02,13479,0,0,10.08
2023-12-03,16358,0,0,11.82
2023-12-04,8617,0,0,6.58
2023-12-05,11466,0,0,8.57
2023-12-06,7497,0,0,5.48
2023-12-07,10223,0,0,7.33
2023-12-08,4741,0,0,3.41
2023-12-09,81,0,0,0.07
2023-12-10,6838,0,0,4.93
2023-12-11,4149,0,0,2.98
2023-12-12,170,0,0,0.13
2023-12-13,8071,0,0,5.95
2023-12-14,9794,0,0,7.09
2023-12-15,1810,0,0,1.33
2023-12-16,7555,0,0,5.48
2023-12-17,3435,0,0,2.52
2023-12-18,8168,0,0,5.92
2023-12-19,14047,0,0,9.82
2023-12-20,7462,0,0,5.45
2023-12-21,4396,0,0,3.2
2023-12-22,4930,0,0,3.55
2023-12-23,2356,0,0,1.78
2023-12-24,8153,0,0,5.02
2023-12-25,4634,0,0,3.24
2023-12-26,4500,0,0,3.49
2023-12-27,13131,0,0,9.65
2023-12-28,8222,0,0,6.03
2023-12-29,8134,0,0,5.77
2023-12-30,6649,0,0,5.05
2023-12-31,3911,0,0,2.92
2024-01-01,3681,0,0,2.88
2024-01-02,4573,7.4,0,3.28
2024-01-03,10522,324.59,15.0,7.9
2024-01-04,3415,161.03,3.0,2.53
2024-01-05,14096,913.53,201.0,10.51
2024-01-06,2376,18.48,1.0,1.77
2024-01-12,1614,0,0,1.17
2024-01-13,3617,0,0,2.71
2024-01-17,8,0,0,0.01
2024-02-02,2368,0,0,1.75
2024-02-03,36,0,0,0.02
2024-02-04,1058,0,0,0.66
2024-02-05,719,0,0,0.56
2024-02-06,5054,0,0,3.55
2024-02-09,5635,0,0,4.22
2024-02-10,313,0,0,0.2
2024-02-11,46,0,0,0.04
2024-03-19,50,0,0,0.04
2024-06-16,2479,0,0,1.85
2024-06-17,9025,0,0,7.13
2024-06-18,13278,0,0,9.67
2024-06-19,10212,0,0,7.82
2024-06-20,7266,0,0,5.54
2024-06-21,11202,0,0,8.74
2024-06-22,6481,0,0,4.64
2024-06-24,4755,0,0,3.49
2024-06-30,1929,0,0,1.34
2024-07-02,7467,0,0,5.23
2024-07-03,3965,0,0,2.69
2024-07-04,11095,0,0,8.03
2024-07-05,10599,0,0,7.62
2024-07-06,17322,0,0,13.08
2024-07-07,8580,0,0,6.26
2024-07-08,17077,0,0,12.58
2024-07-09,14632,0,0,10.86
2024-07-10,22652,0,0,16.81
2024-07-11,7818,0,0,5.77
2024-07-12,2705,0,0,1.94
2024-07-16,6,0,0,0.0
2024-09-12,3527,0,0,2.47
2024-09-13,18338,0,0,14.55
2024-09-14,23128,0,0,16.94
2024-09-15,18851,0,0,13.98
2024-09-16,19155,0,0,14.39
2024-09-17,13613,0,0,10.22
2024-09-18,23563,0,0,17.62
2024-09-19,18916,0,0,13.91
2024-09-20,16964,0,0,12.44
2024-09-21,24747,0,0,18.78
2024-09-22,18039,0,0,13.14
2024-09-23,2714,0,0,2.07
2024-09-24,4280,0,0,3.32
2024-09-26,4161,0,0,2.99
2024-10-13,477,0,0,0.35
2024-10-14,3666,0,0,2.57
2024-11-08,11322,0,0,8.54
2024-11-09,12086,0,0,8.91
2024-11-10,615,0,0,0.44
2024-11-16,3705,0,0,2.69
2024-11-17,8589,0,0,6.33
2024-11-21,4697,0,0,3.46
2024-12-29,9350,0,0,6.6
2024-12-30,13,0,0,0.01
2025-01-02,9403,0,0,6.39
2025-01-03,54,0,0,0.04
2025-01-04,5138,0,0,3.77
2025-01-05,14404,0,0,10.34
2025-01-06,9551,0,0,7.06
2025-01-07,11562,0,0,8.75
2025-01-08,5789,0,0,4.37
2025-01-09,10260,0,0,7.71
2025-01-10,3744,0,0,2.7
2025-01-11,125,0,0,0.1
2025-01-12,4924,0,0,3.39
2025-01-13,1234,0,0,0.85
2025-01-14,12827,0,0,9.06
2025-01-15,4236,0,0,3.06
2025-01-16,2680,0,0,1.84
2025-01-17,4461,0,0,3.55
2025-01-18,13157,0,0,9.73
2025-01-19,6805,0,0,4.78
2025-01-20,5438,0,0,3.93
2025-01-21,8,0,0,0.01
2025-01-22,8148,0,0,5.96
2025-03-02,4478,0,0,3.27
2025-03-03,15818,0,0,11.42
2025-03-04,14835,0,0,10.87
2025-03-05,12884,0,0,9.1
2025-03-06,19236,0,0,14.44
2025-03-07,12168,0,0,8.8
2025-03-08,17398,0,0,12.86
2025-03-09,7128,0,0,5.01
2025-03-10,5085,0,0,3.47
2025-03-11,9802,0,0,7.07
2025-03-12,4851,0,0,3.37
2025-03-13,4116,0,0,2.87
2025-03-14,73,0,0,0.06
2025-03-15,9033,0,0,6.53
2025-03-16,4460,0,0,3.09
2025-03-17,6968,0,0,4.81
2025-03-18,6026,0,0,4.4
2025-03-19,5313,0,0,3.84
2025-03-20,964,0,0,0.71
2025-03-21,4910,0,0,3.48
2025-03-22,6109,0,0,4.61
2025-03-23,7265,0,0,5.25
2025-03-24,5243,0,0,3.75
2025-03-25,3826,0,0,2.68
2025-03-26,9493,0,0,6.91
2025-03-27,8966,0,0,6.31
2025-03-28,2621,0,0,2.13
2025-03-29,3684,0,0,2.49
2025-03-30,3718,0,0,2.57
2025-04-01,986,0,0,0.73
2025-04-02,6550,0,0,4.77
2025-04-03,1967,0,0,1.34
2025-04-04,5718,0,0,4.18
2025-04-05,3854,0,0,2.71
2025-04-06,7581,0,0,5.52
2025-04-07,2565,0,0,1.86
2025-04-08,8267,0,0,6.64
2025-04-09,14643,0,0,10.65
2025-04-10,12339,0,0,8.88
2025-04-11,6536,0,0,4.81
2025-04-12,3821,0,0,2.95
2025-04-13,3451,0,0,2.47
2025-04-14,5885,0,0,4.55
2025-04-15,6611,0,0,4.95
2025-04-16,5867,0,0,4.15
2025-04-17,9621,0,0,7.08
2025-04-18,2832,0,0,2.03
2025-04-19,9212,0,0,6.88
2025-04-20,5437,0,0,3.92
2025-04-21,4457,0,0,3.06
2025-04-22,3954,0,0,3.2
2025-04-23,5659,0,0,4.14
2025-04-24,10280,0,0,7.3
2025-04-25,7881,0,0,5.78
2025-04-26,18749,0,0,14.15
2025-04-27,13362,0,0,9.51
2025-04-28,4905,0,0,3.53
2025-04-29,5543,0,0,4.21
2025-04-30,18207,0,0,14.85
2025-05-01,6341,0,0,4.54
2025-05-02,5979,0,0,4.23
2025-05-03,15152,0,0,10.99
2025-05-04,11005,0,0,7.9
2025-05-05,7256,0,0,5.31
2025-05-06,6269,0,0,4.62
2025-05-07,6725,0,0,4.93
2025-05-08,4932,0,0,3.63
2025-05-09,5797,0,0,4.08
2025-05-10,8040,0,0,6.0
2025-05-11,8345,0,0,6.49
2025-05-12,7966,0,0,5.7
2025-05-13,5777,0,0,4.21
2025-05-14,5937,0,0,4.14
2025-05-15,10974,0,0,7.86
2025-05-16,3251,0,0,2.37
2025-05-17,6388,0,0,4.43
2025-05-18,3088,0,0,2.16
2025-05-19,8380,0,0,5.79
2025-05-20,4692,0,0,3.33
2025-05-21,7421,0,0,5.37
2025-05-22,8644,0,0,5.83
2025-05-23,6327,0,0,4.42
2025-05-24,6408,0,0,4.96
2025-05-25,6544,0,0,4.73
2025-05-26,8086,0,0,5.59
2025-05-27,10219,0,0,7.31
2025-05-28,4931,0,0,3.58
2025-05-29,4725,0,0,3.29
2025-05-30,12931,0,0,9.87
2025-05-31,4864,0,0,3.51
2025-06-01,13359,0,0,9.15
2025-06-02,7277,0,0,5.2
2025-06-03,1604,0,0,1.17
2025-06-04,12007,0,0,8.8
2025-06-05,2231,0,0,1.61
2025-06-06,11584,0,0,8.26
2025-06-07,16996,0,0,12.04
2025-06-08,4386,0,0,3.18
2025-06-09,14237,0,0,11.0
2025-06-10,9921,0,0,7.38
2025-06-11,4863,0,0,3.35
2025-06-12,3241,0,0,2.31
2025-06-13,42,0,0,0.04
2025-06-14,5834,0,0,4.18
2025-06-15,5354,0,0,3.77
2025-06-16,729,0,0,0.53
2025-06-17,8349,0,0,5.9
2025-06-18,1459,0,0,1.07
2025-06-19,2572,0,0,1.77
2025-06-20,13059,0,0,9.03
2025-06-21,13730,0,0,10.05
2025-06-22,6864,0,0,4.92
2025-06-23,5445,0,0,3.76
2025-06-24,7090,0,0,5.06
2025-06-25,8448,0,0,6.21
2025-06-26,8601,0,0,6.25
2025-06-27,379,0,0,0.28
2025-06-28,2222,0,0,1.63
2025-06-29,1730,0,0,1.26
2025-06-30,514,0,0,0.38
2025-07-01,4866,0,0,3.5
2025-07-02,2514,0,0,1.77
2025-07-03,7613,0,0,5.62
2025-07-04,8129,0,0,5.84
2025-07-12,6323,0,0,4.59
2025-07-13,2408,0,0,1.8
2025-07-14,1396,0,0,1.01
2025-07-20,8189,0,0,6.35
2025-07-21,3916,0,0,2.98
2025-07-22,9011,0,0,6.42
2025-07-23,740,0,0,0.48
2025-07-25,9194,0,0,6.63
2025-07-26,12180,0,0,9.03
2025-07-27,9922,0,0,7.06
2025-07-28,3443,0,0,2.46
2025-07-29,3103,0,0,2.21
2025-07-30,1323,0,0,0.96
2025-08-02,8609,0,0,6.21
2025-08-03,7889,0,0,5.99
2025-08-05,8745,0,0,6.42
2025-08-06,7310,196.77,15.0,5.31
2025-08-07,3520,446.85,70.0,2.84
2025-08-08,10217,468.89,68.0,7.07
2025-08-09,5412,482.05,59.0,3.84
2025-08-10,14833,582.74,94.0,10.97
2025-08-11,10088,484.06,73.0,7.34
2025-08-12,13964,444.3,55.0,10.14
2025-08-13,21587,544.32,90.0,15.68
2025-08-14,16470,555.56,100.0,11.65
2025-08-15,22571,728.07,93.0,15.58
2025-08-16,17918,452.36,39.0,13.19
2025-08-17,12447,439.06,97.0,9.26
2025-08-18,11869,514.19,72.0,9.03
2025-08-19,7793,454.21,106.0,5.7
2025-08-20,7418,482.63,84.0,5.57
2025-08-21,13275,528.78,73.0,9.77
2025-08-22,11430,483.37,136.0,8.21
2025-08-23,11232,507.38,91.0,8.45
2025-08-24,22643,840.42,121.0,17.7
2025-08-25,14733,489.96,83.0,10.56
2025-08-26,23942,552.12,61.0,17.79
2025-08-27,24593,609.24,100.0,19.41
2025-08-28,27345,670.87,145.0,18.8
2025-08-29,10781,435.45,79.0,7.7
2025-08-30,30252,796.07,91.0,22.34
2025-08-31,25195,516.56,42.0,17.77
2025-09-01,15316,471.44,64.0,10.56
2025-09-02,21874,641.48,98.0,16.04
2025-09-03,5438,358.01,51.0,3.95
2025-09-04,6740,263.24,9.0,4.92
2025-09-05,8932,194.35,11.0,6.36
2025-09-06,7569,27.96,0,5.45
2025-09-07,20114,796.31,174.0,14.98
2025-09-08,22581,456.86,47.0,16.51
2025-09-09,26168,469.83,76.0,19.25
2025-09-10,20498,433.29,37.0,15.02
2025-09-11,20494,450.01,37.0,15.29
2025-09-12,21129,551.9,82.0,15.05
2025-09-13,49109,959.89,145.0,35.48
2025-09-14,22979,562.62,61.0,19.45
2025-09-15,20739,796.0,125.0,15.87
2025-09-16,16187,547.57,61.0,12.04
2025-09-17,15286,450.59,67.0,10.8
2025-09-18,17647,636.24,90.0,12.7
2025-09-19,21302,527.53,87.0,15.36
2025-09-20,20681,485.87,38.0,15.22
2025-09-21,34736,717.49,70.0,25.39
2025-09-22,15358,558.28,58.0,11.15
2025-09-23,15365,554.88,92.0,13.78
2025-09-24,14873,484.02,64.0,10.54
2025-09-25,13801,480.95,68.0,12.28
2025-09-26,11620,360.62,36.0,8.96
2025-09-27,8782,504.2,66.0,6.61
2025-09-28,17169,382.92,38.0,12.7
2025-09-29,21619,492.63,66.0,17.25
2025-09-30,18512,607.28,57.0,13.46
2025-10-01,23648,578.28,66.0,17.51
2025-10-02,42838,706.33,100.0,31.55
2025-10-03,33995,513.26,56.0,23.48
2025-10-04,23914,366.04,53.0,16.13
2025-10-05,24610,294.9,30.0,16.84
2025-10-06,15780,325.21,36.0,10.97
2025-10-07,9998,0,0,6.96
2025-10-08,18234,0,0,10.91
2025-10-09,20662,507.93,57.0,13.76
2025-10-10,15213,128.9,24.0,9.2
2025-10-11,23417,149.58,27.0,14.44
2025-10-12,10937,0,0,6.77
2025-10-13,13484,0,0,8.44
2025-10-14,8587,0,0,5.03
2025-10-15,16529,0,0,10.53
2025-10-16,8728,0,0,6.06
2025-10-17,26643,0,0,17.45
2025-10-18,19496,0,0,12.41
2025-10-19,5234,0,0,3.37
2025-10-20,10245,137.62,4.0,7.29
2025-10-21,2412,0,0,1.7
2025-10-22,3136,0,0,2.29
2025-10-23,7093,0,0,5.07
2025-10-24,5833,0,0,3.53
2025-10-25,4676,0,0,2.88
2025-10-26,12117,265.05,27.0,9.04
2025-10-27,11236,275.84,33.0,8.1
2025-10-28,17884,630.38,74.0,13.43
2025-10-29,557,255.03,39.0,0.43
2025-10-30,15741,433.1,50.0,11.33
2025-10-31,9335,243.23,32.0,6.94
2025-11-01,17150,484.45,30.0,12.78
2025-11-02,10343,326.56,23.0,7.59
2025-11-03,5953,0,0,4.29
2025-11-04,1163,0,0,0.88
2025-11-05,9648,234.71,23.0,11.8
2025-11-06,12141,0,0,8.57
2025-11-07,10108,439.47,68.0,7.82
2025-11-08,20059,572.71,49.0,15.1
2025-11-09,24867,577.35,65.0,19.45
2025-11-10,14186,530.83,66.0,10.57
2025-11-11,5415,445.3,57.0,4.88
2025-11-12,15892,532.94,80.0,11.31
2025-11-13,7809,448.7,58.0,6.13
2025-11-14,16393,538.63,56.0,12.46
2025-11-15,6400,229.87,18.0,4.92
2025-11-16,14632,410.81,44.0,10.68
2025-11-17,12709,430.86,35.0,9.41
2025-11-18,9379,565.11,67.0,9.05
2025-11-19,11921,323.93,22.0,8.69
2025-11-20,31124,665.53,54.0,22.32
2025-11-21,35238,671.29,74.0,25.84
2025-11-22,21971,414.53,24.0,15.79
2025-11-23,23399,450.13,38.0,17.59
2025-11-24,13988,521.61,55.0,10.14
2025-11-25,3544,432.03,62.0,2.59
2025-11-26,6610,516.47,50.0,5.15
2025-11-27,7732,242.84,24.0,5.54
2025-11-28,8926,300.66,16.0,6.4
2025-11-29,11971,312.71,34.0,8.7
2025-11-30,16849,462.39,43.0,12.17
2025-12-01,5294,2.68,0,3.38
2025-12-02,4792,3.41,0,2.97
2025-12-03,11376,285.76,31.0,8.28
2025-12-04,7089,0,0,4.21
2025-12-05,7016,0,0,4.59
2025-12-06,15275,370.91,44.0,11.32
2025-12-07,11785,332.73,33.0,8.82
2025-12-08,13949,262.94,19.0,10.04
2025-12-09,19,0,0,0.01
2025-12-10,9539,0,0,5.9
2025-12-11,398,182.65,60.0,0.24
2025-12-12,8010,262.71,23.0,5.99
2025-12-13,6936,13.7,1.0,4.7
2025-12-14,9967,0,0,6.73
2025-12-15,6681,403.46,62.0,4.45
2025-12-16,11908,495.04,54.0,8.74
2025-12-17,22941,969.32,169.0,16.14
2025-12-18,2438,8.83,1.0,1.84
2025-12-19,19694,487.23,46.0,14.65
2025-12-20,12774,427.37,35.0,9.28
2025-12-21,9121,268.94,31.0,6.61
2025-12-22,9877,279.49,15.0,7.1
2025-12-23,3039,107.97,0,1.98
2025-12-24,13886,412.5,53.0,9.76
2025-12-25,12021,368.65,28.0,8.6
2025-12-26,7825,87.74,3.0,5.37
2025-12-27,5451,0,0,3.54
2025-12-28,13651,0,0,8.36
2025-12-29,28779,0,0,18.34
2025-12-30,12335,0,0,8.31
2025-12-31,17370,0,0,11.82
2026-01-01,25260,0,0,16.52
2026-01-02,12329,0,0,7.67
2026-01-03,8374,0,0,5.55
2026-01-04,13752,0,0,9.16
2026-01-05,15984,0,0,10.89
2026-01-06,16733,0,0,11.22
2026-01-07,16284,0,0,10.59
2026-01-08,2422,0,0,1.61
2026-01-09,52949,0,0,35.1
2026-01-10,34908,0,0,23.84
2026-01-11,20648,0,0,13.98
2026-01-12,18991,0,0,12.99
2026-01-13,19044,0,0,12.48
2026-01-14,23738,0,0,15.45
2026-01-15,24044,0,0,15.92
2026-01-16,23802,0,0,16.07
2026-01-17,19672,0,0,12.8
2026-01-18,2205,0,0,1.51
2026-01-19,7622,0,0,5.06
2026-01-20,90,0,0,0.05
2026-01-21,42,0,0,0.02
2026-01-22,4340,0,0,2.78
2026-01-23,7081,0,0,4.6
2026-01-24,9353,0,0,6.06
2026-01-25,3419,0,0,2.26
2026-01-26,3396,0,0,2.22
2026-01-27,4278,0,0,2.71
2026-01-28,10852,0,0,7.14
2026-01-29,4602,0,0,2.79
2026-01-30,8858,0,0,5.83
2026-01-31,4762,0,0,3.28
2026-02-01,3428,0,0,2.35
2026-02-02,3554,0,0,2.26
2026-02-03,47,0,0,0.03
2026-02-04,143,0,0,0.1
2026-02-05,47,0,0,0.03
2026-02-06,2246,0,0,1.52
2026-02-07,4612,0,0,2.99
2026-02-08,4563,0,0,3.07
2026-02-09,754,98.64,24.0,0.55
2026-02-10,16261,314.31,58.0,10.88
2026-02-11,7204,467.76,62.0,7.12
2026-02-12,12592,466.56,44.0,10.37
2026-02-13,8724,214.77,19.0,6.5
2026-02-14,35563,736.65,119.0,25.73
2026-02-15,25455,886.84,80.0,20.1
2026-02-16,35520,678.29,133.0,25.71
2026-02-17,34589,962.1,176.0,25.34
2026-02-18,20988,506.22,62.0,15.64
2026-02-19,12419,328.57,29.0,9.19
2026-02-20,4821,1.25,1.0,3.38
2026-02-21,4330,0,0,3.14
2026-02-22,7313,0,0,5.24
2026-02-23,18,0,0,0.01
2026-02-24,26,0,0,0.02
2026-02-25,6377,0,0,4.24
2026-02-26,5285,0,0,3.87
2026-02-27,4687,0,0,3.46
2026-02-28,6796,0,0,5.08
2026-03-01,23512,330.69,46.0,19.21
2026-03-02,18617,273.36,66.0,14.52
2026-03-03,7054,0,0,5.27
2026-03-04,11336,382.91,36.0,8.44
2026-03-05,12300,223.49,39.0,9.15
2026-03-06,2668,6.01,1.0,1.85
2026-03-07,4559,0.08,0,3.18
2026-03-08,5858,0,0,4.26
2026-03-09,8325,509.31,80.0,6.21
2026-03-10,10540,359.02,25.0,7.95
2026-03-11,12049,347.76,58.0,9.32
2026-03-12,4130,458.69,70.0,3.86
2026-03-13,11115,438.44,61.0,8.16
2026-03-14,30450,849.81,102.0,25.07
2026-03-15,18517,537.09,63.0,13.83
2026-03-16,15366,943.8,147.0,11.2
2026-03-17,3558,446.26,62.0,3.72
2026-03-18,13580,519.29,57.0,10.12
2026-03-19,16257,453.67,48.0,12.79
2026-03-20,13556,852.0,139.0,10.09
2026-03-21,40086,797.63,154.0,28.81
2026-03-22,25107,522.31,85.0,18.16
2026-03-23,23830,649.26,71.0,16.65
2026-03-24,15730,913.08,154.0,11.28
2026-03-25,17817,664.86,76.0,13.48
2026-03-26,15274,692.09,95.0,10.98
2026-03-27,16045,576.87,77.0,12.37
2026-03-28,35634,636.18,95.0,25.81
2026-03-29,25331,681.08,68.0,21.54
2026-03-30,17121,624.04,69.0,12.35
2026-03-31,18754,478.28,46.0,14.02
2026-04-01,17991,507.93,76.0,15.39
2026-04-02,16995,553.09,67.0,12.51
2026-04-03,19281,560.59,54.0,14.36
2026-04-04,15140,440.31,61.0,12.08
2026-04-05,14829,453.36,39.0,11.22
2026-04-06,13784,866.79,134.0,10.22
2026-04-07,15654,626.27,87.0,12.11
2026-04-08,12794,769.92,95.0,9.69
2026-04-09,13080,452.71,51.0,9.67
2026-04-10,23839,619.29,70.0,17.07
2026-04-11,18721,543.92,72.0,17.78
2026-04-12,11120,524.39,119.0,8.5
2026-04-13,20813,448.64,58.0,14.36
2026-04-14,22733,436.68,49.0,15.25
2026-04-15,18438,454.06,61.0,14.04
2026-04-16,24633,641.35,48.0,17.37
2026-04-17,17723,309.24,27.0,12.92
2026-04-18,6401,38.84,6.0,4.58
2026-04-19,12431,0,0,8.39
2026-04-20,15489,605.04,89.0,10.99
2026-04-21,6094,256.93,13.0,4.59
2026-04-22,219,14.69,0,0.16
2026-04-23,3494,142.0,45.0,2.31
2026-04-24,16910,0,0,11.91
2026-04-25,24267,579.74,69.0,17.63
2026-04-26,50272,659.52,60.0,36.18
2026-04-27,13555,333.62,20.0,9.66
2026-04-28,15478,350.54,30.0,11.29
2026-04-29,142,12.46,0,0.11
2026-04-30,10980,1.44,1.0,7.7
2026-05-01,19310,0.04,0,13.01
2026-05-02,10897,0,0,7.39
2026-05-03,5559,0,0,3.58
2026-05-04,4168,0,0,2.71
2026-05-05,7781,0,0,5.3
2026-05-06,3649,0,0,2.71
2026-05-07,30733,458.16,61.0,22.16
2026-05-08,24433,882.94,133.0,17.84
2026-05-09,9350,651.63,80.0,6.97
2026-05-10,9067,308.43,8.0,6.36
2026-05-11,12626,310.42,18.0,9.24
2026-05-12,22358,628.07,69.0,15.01
2026-05-13,24474,520.76,53.0,17.39
2026-05-14,13361,506.76,72.0,10.68
2026-05-15,35745,765.58,70.0,28.02
2026-05-16,14721,312.77,34.0,10.67
2026-05-17,22961,689.55,75.0,19.37
2026-05-18,7665,199.49,9.0,5.69
2026-05-19,11565,588.94,74.0,8.48
2026-05-20,15419,439.08,58.0,11.37
2026-05-21,8375,36.17,0,6.03
2026-05-22,7614,291.01,57.0,5.41
2026-05-23,26396,894.55,128.0,20.54
2026-05-24,10080,313.58,35.0,6.96
2026-05-25,20863,519.43,66.0,14.73
2026-05-26,3215,18.15,1.0,2.43
2026-05-27,5615,0,0,3.92
2026-05-28,6149,0,0,4.43
2026-05-29,12686,0,0,9.26
2026-05-30,6327,0,0,4.56
2026-05-31,14074,736.2,101.0,9.84
2026-06-01,9941,0,0,7.21
2026-06-02,5943,0,0,4.32
2026-06-03,15795,208.64,4.0,11.27
2026-06-04,11167,432.29,74.0,8.48
2026-06-05,26210,936.75,108.0,19.01
2026-06-06,5906,0,0,4.18
2026-06-07,397,0,0,0.27
2026-06-08,12663,397.0,16.0,9.31
2026-06-09,15227,475.21,82.0,11.48
2026-06-10,5453,669.21,67.0,4.08
2026-06-11,16180,508.53,77.0,11.59
2026-06-12,28817,521.41,22.0,20.96
2026-06-13,39434,1045.48,135.0,29.41
2026-06-14,28804,318.88,28.0,21.45
2026-06-15,18805,566.3,52.0,13.62
2026-06-16,23685,883.32,121.0,17.24
2026-06-17,17516,401.6,11.0,12.4
2026-06-18,12344,515.21,55.0,9.11
2026-06-19,22885,654.92,56.0,16.85
2026-06-20,22226,560.02,54.0,16.03
2026-06-21,37204,661.87,51.0,26.56
2026-06-22,14816,506.92,66.0,10.8
2026-06-23,23831,1158.57,162.0,17.52
2026-06-24,24973,493.99,31.0,17.64
2026-06-25,22388,853.54,133.0,16.71
2026-06-26,19218,1002.55,132.0,14.35
2026-06-27,27918,680.74,59.0,20.18
2026-06-28,10005,99.76,1.0,7.18
2026-06-29,12,0,0,0.01
